uniprotID,Christiano_t1/2_(min)
P32912,88538.20
Q04728,34800.20
P53296,19750.70
P42934,10128.20
P25576,9627.30
Q04949,8312.10
P00815,7649.40
P34232,7647.70
P06115,6525.30
Q12690,5921.10
P36131,5553.40
P23337,5118.10
P19211,4664.90
P50275,4291.20
P02829,3898.60
P32343,3887.80
Q08176,3495.20
P40159,3434.90
Q06696,3381.60
P39996,3270.10
P38892,3035.20
P41930,2989.30
P38990,2823.00
P53881,2784.30
P36007,2757.50
P33416,2685.40
Q01217,2659.90
P38616,2648.10
P53969,2636.20
P32347,2578.90
P06242,2563.60
P53183,2543.90
P53273,2438.90
Q04767,2376.40
P06776,2364.70
P38745,2264.90
P18562,2193.90
Q04304,2171.70
P38321,2159.70
P35181,2155.10
P38773,2152.80
P23833,2148.90
P32332,2089.60
P06106,2073.90
P25358,2042.60
P53104,2007.20
P40086,1949.70
Q06671,1918.50
P40206,1875.00
Q04432,1870.00
Q03705,1865.90
Q07825,1831.20
P37012,1829.10
P53228,1826.90
P38064,1825.00
P46992,1793.70
Q03151,1764.50
P53298,1748.60
P25366,1745.90
Q05521,1724.50
P42936,1717.60
P32785,1714.70
P40353,1630.30
P53333,1624.00
Q03388,1622.30
P16474,1620.70
P40364,1611.50
P22139,1540.90
P04076,1493.50
P0CH09,1472.60
Q08202,1470.50
P11986,1470.30
Q00055,1469.00
P53202,1466.90
P38765,1456.00
Q08224,1436.20
Q03919,1435.00
P31539,1420.80
P38998,1417.60
P48569,1397.40
P40030,1392.20
P07264,1384.70
P53731,1380.00
P20133,1370.60
Q03103,1324.70
P28495,1322.00
P53066,1313.00
Q03558,1306.10
P25342,1301.80
Q04116,1293.40
P36068,1291.10
P50278,1288.30
Q06554,1285.80
Q12329,1283.80
P03965,1271.90
P38336,1267.50
P53855,1265.30
P0CX34,1259.10
Q06616,1257.40
P47771,1246.70
P53829,1238.80
P32829,1224.40
P15019,1217.30
Q12400,1211.10
P10591,1211.00
P54780,1204.20
Q05933,1201.30
P38113,1200.20
P38145,1199.30
Q08548,1197.40
P40527,1191.40
P38717,1188.60
P32474,1184.30
P25646,1183.00
P36027,1182.70
P09733,1182.10
Q12280,1180.40
P37898,1161.90
Q3E835,1157.30
P09232,1156.80
P38798,1152.00
Q12343,1150.40
P32915,1148.50
Q12012,1146.10
P0CX42,1145.70
P49089,1145.70
P38922,1136.60
P53691,1127.70
Q04868,1127.20
P38804,1126.20
P36069,1125.20
P47096,1122.00
P38720,1114.30
P38348,1100.80
P47176,1095.80
P10356,1092.90
P19414,1084.50
P40090,1083.70
P53133,1081.20
P38715,1078.80
P34243,1077.00
Q3E769,1076.90
P06780,1070.40
P04807,1069.20
Q3E7B7,1069.10
Q12449,1062.60
Q08816,1059.10
P06100,1050.50
P32350,1047.10
P39707,1042.10
P40532,1040.90
P38713,1038.90
P13663,1037.90
Q02767,1035.20
P07262,1035.10
P25371,1028.00
P13712,1026.40
P53184,1025.10
P00498,1023.30
P47044,1022.70
P39676,1022.30
P0CT04,1020.50
P38235,1016.80
Q12156,1016.70
P53834,1014.10
P43568,1013.60
P25367,1009.90
Q12509,1009.10
P35724,1007.30
P40054,1005.90
Q07551,1005.40
Q02933,1003.20
P11412,1000.60
Q07468,1000.10
P05373,999.50
P47017,999.10
P14904,997.70
P15108,997.20
Q00772,997.00
P38891,993.90
P15705,987.30
P32048,987.00
Q06822,985.60
P00560,984.60
P10869,976.50
P40525,973.00
Q99382,972.20
P38716,970.70
Q00245,969.30
P25578,962.90
P00925,962.00
P53100,956.60
Q08961,956.20
P06208,956.00
P38874,954.60
P28834,949.30
Q08979,943.40
P38873,943.30
P32598,942.70
P46674,941.20
P36040,940.90
P38238,939.30
P15807,936.10
P38886,934.70
P20484,932.60
P40510,932.20
P39976,930.30
P28241,929.40
Q99186,929.00
Q02202,928.60
P14843,924.80
P36526,924.10
Q12363,922.00
P27636,919.60
P40339,918.50
P34072,915.60
P25294,913.80
P17709,905.30
P49960,905.00
P16550,904.00
P33734,903.80
Q08985,902.90
Q08199,900.00
Q12324,899.80
P38703,893.00
Q03441,892.60
P36139,891.80
P10592,891.70
P80210,890.10
P07277,884.60
P22438,884.10
P14020,882.80
P53929,880.00
Q06252,879.70
Q03338,879.60
Q12454,878.10
P41277,877.00
P38697,875.20
Q12104,875.20
P38219,874.20
P38164,873.00
P38334,872.80
Q02753,867.60
P15700,867.40
P12683,865.90
P40483,863.30
P38139,863.30
Q06346,862.40
P0C5R9,862.30
P18410,861.90
P28789,860.50
Q03776,860.30
P32558,859.10
P07285,858.60
Q12362,857.50
P53193,853.80
Q06705,853.70
Q12283,853.60
P53088,851.60
P48559,848.30
P36006,847.30
P38241,847.20
P51601,844.50
P00931,843.90
P46970,842.90
P00127,842.50
P40015,839.10
P53164,836.90
Q12298,836.50
P38969,833.90
P32449,833.40
P00950,832.60
P38250,828.70
P36104,828.70
P23968,827.00
P30775,825.90
P32626,823.20
P39677,822.40
P00912,822.20
P47112,821.60
P53219,821.40
P38075,820.50
P46680,820.10
Q03941,820.00
P38140,819.20
Q06628,817.00
Q03835,816.70
Q02863,816.10
P40045,815.90
P40482,813.00
Q12396,812.50
P36136,810.30
P21269-3,810.20
P35127,809.50
P53095,809.30
P23254,809.20
P50101,809.10
P28708,808.80
P00937,808.70
P38777,808.20
Q12452,807.10
Q04491,806.70
Q12458,806.20
P32327,805.80
Q08649,805.50
P40363,804.90
Q05549,804.40
P24784,802.30
P28239,801.80
P32337,801.70
Q06683,800.70
P33327,799.40
P53839,797.40
P36149,796.80
P32844,796.60
P38910,795.50
P07245,794.30
Q12285,794.20
P29952,793.30
P12709,793.00
Q12146,791.60
P48570,791.50
P38988,790.50
Q12486,790.00
P22108,789.40
P47129,788.20
P20795,787.40
Q06508,786.90
Q06567,786.80
P37020,786.40
P38169,786.00
Q12328,786.00
P47154,785.70
P36013,785.20
Q2V2P4,785.10
O13539,785.00
P38162,784.40
Q05979,783.80
Q12154,783.80
P14742,783.60
Q12245,783.30
P36016,783.00
P38737,782.90
Q12209,782.70
Q05926,781.50
Q04081,778.20
P14741,777.40
P32589,777.20
P43603,776.40
P09734,774.70
P53258,774.30
P07172,773.90
Q02908,773.30
Q03482,772.20
P12684,771.70
P32563,771.10
P38629,770.50
P32590,770.00
P00359,769.30
Q02961,769.10
P32588,768.40
P36154,768.20
P19882,767.80
P47166,767.70
P38217,767.50
P32803,767.00
P40462,766.50
P16861,766.00
P41058,764.90
P33412,764.80
P46677,764.60
P36095,764.20
P53315,763.60
Q06063,763.20
P36037,762.50
P36047,762.50
P23542,762.40
P15731,761.50
Q99176,761.40
P32579,760.20
Q04174,760.20
P22141,759.40
Q07830,759.00
P47173,759.00
P32178,758.70
P40993,756.90
P36000,756.90
P50113,755.50
P53629,755.00
P38934,754.00
P53090,752.80
P38137,752.50
Q02932,751.00
P17536,749.60
Q04410,749.30
P48362,748.80
Q07872,748.50
Q12071,747.20
P31374,746.80
Q07533,746.70
Q12375,746.70
P40495,745.70
P53727,745.50
P17967,745.40
P43621,745.20
P04840,743.40
P33203,743.10
P30657,742.90
P39988,742.80
Q06096,742.70
P17423,742.20
Q07953,742.00
P47039,741.90
P32610,740.70
P40047,739.60
Q06340,739.40
Q02199,739.10
P15625,738.80
Q12074,738.70
Q04178,738.30
P31373,737.50
P20436,737.00
P53722,736.60
Q02648,736.40
Q99312,735.70
Q08685,735.20
P49723,735.20
Q08925,734.90
P50094,733.90
P36053,733.70
Q02866,733.40
P31787,733.00
Q04062,732.90
P49954,732.80
Q07804,732.80
P40013,732.30
P21242,732.30
Q06632,731.80
P32179,731.50
P38266,731.20
P50942,731.10
P38256,730.80
P07170,730.20
P0CS90,729.20
P05747,729.10
P53275,729.00
P40518,728.90
P15180,728.90
Q05788,728.60
P38689,728.50
P32074,728.40
P53868,728.40
P38708,727.60
P06182,727.20
P07806-2,726.90
P07149,726.70
P32644,725.70
P30822,724.70
P11353,724.50
P53332,724.40
P29469,723.80
P06105,723.70
P18759,723.60
Q03629,723.30
P38335,723.30
P53199,723.20
Q03308,723.00
P21576,722.80
P08566,722.80
Q02785,722.40
Q03219,722.40
P40347,721.80
Q12149,721.50
P25340,721.10
P25044,720.90
P06168,720.80
P38226,720.80
Q08962,720.70
P14540,720.60
Q08562,720.60
P40545,720.30
Q12199,719.40
P41338,718.70
P32775,718.50
P32499,718.40
Q12365,718.30
P38199,717.80
P36132,717.80
P34253,717.80
Q06522,717.20
P40335,716.20
P38074,715.70
P53738,714.80
Q03262,714.60
Q12377,714.40
Q01939,713.70
P40579,713.60
Q04693,713.50
P36157,713.50
Q06608,713.40
P43639,712.10
P40106,711.40
Q12122,711.20
P38604,710.90
P19097,709.10
P32771,709.00
P32504,708.90
P38787,708.60
P53729,708.50
P47035,708.40
P32386,707.40
P06773,707.40
P35191,707.10
P32913,706.60
Q01532-2,706.20
Q12017,705.90
P25559,705.70
P21801,705.20
P28777,704.70
Q06504,704.60
P06101,704.10
P31116,703.70
Q06494,703.70
P43635,703.50
P40157,703.10
P10080,702.50
P39936,702.40
P39522,702.30
P52553,702.00
P53078,701.50
P39986,701.40
P38153,701.10
Q06103,700.70
P39109,700.30
P38884,700.20
P00549,699.50
P12945,699.30
Q12133,699.10
P53688,698.50
P19263,698.10
P33338,698.10
P53250,698.10
P38328,698.00
Q04371,696.70
P23639,696.70
P29311,696.50
Q03973,696.40
P19736,696.30
P11745,696.20
P53336,696.10
P34087,696.00
P36075,695.70
P12904,695.20
P40093,694.90
Q08745,694.50
P33332,694.40
Q06247,694.30
P20053,694.20
P40185,694.00
P28321,693.60
P38081,693.50
P32614,693.50
P11709,693.20
P53206,693.20
Q02725,692.90
P40481,692.70
Q06685,691.90
P38968,691.60
P47133,691.20
P47008,691.20
Q12029,690.90
P32602,690.90
P35845,690.00
P31412,689.80
Q12386,689.60
P06169,689.30
Q08748,689.20
Q04067,688.80
P34216,688.60
P54885,688.20
Q12490,688.20
P23180,688.20
P25654,687.80
P53063,687.60
P48510,687.50
P41810,686.80
P38632,686.70
Q02959,686.40
P32354,686.40
P43123,685.90
Q00618,685.70
P0CX32,685.40
Q03768,685.30
P36039,685.00
P32361,684.60
Q03362,684.50
P48837,684.30
P12383,684.30
P53845,684.00
Q12109,683.70
P14743,683.10
Q04179,682.80
Q05934,682.80
P32379,682.60
Q00955,682.00
P04806,681.90
P47076,681.80
P25491,681.70
Q02630,681.70
Q08968,681.70
P24280,681.60
P52891,681.50
Q06488,681.50
P15873,681.40
P32787,681.00
Q04080,680.80
Q07648,680.50
P23248,680.40
Q12675,680.40
P53323,680.20
P21182,680.20
P53540,678.60
P33330,678.50
P24276,678.40
P32463,678.10
Q05778,678.10
P32608,677.80
P37366,677.70
P39076,677.60
Q12453,677.40
P53254,677.40
P03874,677.10
P41807,676.90
P25045,676.60
P24482,676.30
Q06512,675.80
P38869,675.60
Q12344,675.40
P10622,675.20
P32381,675.00
P25298,674.90
P53981,674.70
P39952,674.60
P39939,674.60
P48566,674.10
P39994,673.80
P53239,673.70
P53844,673.70
P32368,672.90
P35719,672.80
Q03034,672.30
P00942,672.20
Q03048,671.80
P35817,671.50
Q04201,671.40
Q06440,671.00
P43682,670.90
P27344,670.60
P53549,670.50
P32468,669.90
P39904,669.80
P53303,669.80
P36122,668.90
Q12184,668.20
P33317,667.90
P15624,667.80
Q08235,667.70
P25605,667.60
Q03102,667.00
P02557,667.00
P53893,667.00
P20051,667.00
P15442,666.80
Q01476,666.50
Q06151,666.40
P34164,666.30
Q08971,665.90
P53633,665.90
P38820,665.00
P40018,665.00
P38615,664.80
Q04636,664.20
P32501,663.80
P53953,663.00
P09435,662.90
P38009,662.80
Q12434,662.70
P38821,662.70
P27351,662.40
P33299,662.10
P0CX52,662.10
Q08058,662.10
P22147,662.00
Q12341,662.00
P32447,661.40
P31376,661.40
Q08977,661.10
P33399,661.10
P10081,660.70
P39958,660.30
P34160,660.10
P38890,660.00
Q02642,659.90
P05749,659.60
P36164,659.40
P53108,659.30
Q99190,659.00
P38149,659.00
P40893,658.70
O14467,658.30
Q12040,658.10
P40212,658.00
Q00582,657.60
Q01855,657.50
P40079,657.30
P32564,657.30
P38013,657.10
P32496,657.00
P52870,656.90
P38431,656.70
P53852,656.40
P38628,656.30
P01123,656.00
P34760,655.90
P38707,655.90
P38791,655.80
P47119,655.70
P34237,655.60
Q07527,655.40
P25623,655.40
P46969,654.40
P53622,654.40
Q12028,654.30
Q03921,653.80
P16862,653.50
P33892,653.30
P32861,653.10
P38249,652.70
P04802,652.60
P32264,652.60
P46655,652.50
P32605,651.80
P38759,651.70
Q06707,651.60
Q02795,651.40
P54860,651.30
P13185,651.20
P40303,651.20
P47075,651.20
P38636,651.10
P50109,651.10
P38986,650.90
Q3E7Y3,650.70
P15303,650.60
P14832,650.50
P10363,650.40
P36076,650.30
P40414,650.10
Q03771,649.40
Q06010,649.10
P00817,648.90
P16370,648.80
P07283,648.80
P38218,648.80
P08524,648.80
P38116,648.70
P53010,648.40
P38858,648.00
P07274,647.60
P09436,647.60
P28791,647.50
P38775,647.50
P39945,647.40
P40165,647.20
P43616,647.20
P38620,647.00
Q12522,646.90
P06787,646.70
P05755,646.50
P46683,646.50
P42943,645.80
P32485,645.50
P43591,645.40
P02381,645.30
P34730,645.20
P20485,645.20
P40580,645.10
P89886,645.00
P32329,645.00
P26321,644.90
P35844,644.70
P53155,644.50
P39683,644.00
Q08817,644.00
P48415,643.90
P19658,643.60
P54007,643.60
Q05892,643.40
P05745,643.20
P28000,643.00
P36010,643.00
P13298,643.00
P35176,642.90
Q02046,642.90
Q06217,642.80
P40075,642.50
P38427,642.30
P53129,642.00
P42941,641.70
P39998,641.60
Q01159,641.40
P26637,641.20
P17505,641.00
P09032,640.80
P53204,640.70
P43569,640.70
P0CX56,640.50
P50086,640.50
P33775,640.40
P40302,640.30
P15454,640.20
Q12250,640.20
Q04175,639.90
P26783,639.60
P36119,639.50
P40563,639.10
P00572,639.10
Q12447,638.90
Q06523,638.80
P39111,638.70
P48445,638.50
P13188,638.50
P53915,638.40
P31384,638.30
P36421,638.20
P05738,638.20
P32835,638.10
P54839,638.00
P38930,638.00
P46672,637.90
P53235,637.90
P38999,637.60
Q04603,637.60
P30619,637.60
P30656,637.40
P21264,637.30
P21243,636.90
Q03337,636.70
P32898,636.70
P32561,636.30
P54861,636.20
P32497,635.90
Q02770,635.70
Q12523,635.60
P52286,635.50
P11154,635.40
P23724,635.30
P05318,635.30
P16622,635.20
P32617,635.20
P05756,635.10
P48563,635.10
Q12242,635.00
P31383,634.90
P25719,634.90
P22517,634.70
Q03786,634.30
P15496,634.10
P52923,634.10
Q06839,634.10
P38747,634.00
P34222,634.00
P38754,633.90
P0CX83,633.90
P89105,633.80
P15790,633.60
P41911,633.60
Q06338,633.30
Q05874,633.30
Q12163,633.10
P43590,633.00
Q05881,632.90
Q06679,632.70
P39704,632.70
P38878,632.60
P35189,632.60
P00899,632.50
P40366,632.50
P49090,632.30
Q06168,632.30
Q05948,632.00
P06103,632.00
P02294,631.60
P40040,631.50
Q12271,631.00
Q04409,630.90
P53221,630.90
P40561,630.80
P49367,630.80
P38340,630.70
Q12464,630.60
P07257,630.40
P25567,630.20
Q7LHG5,629.80
P53152,629.70
Q12034,629.70
P38181,629.60
P23287,629.40
P36090,629.40
P33754,629.30
P53178,629.00
Q12191,628.90
P43577,628.60
P32528,628.40
P47079,628.20
P39077,628.20
P19454,628.10
P53723,628.10
P40066,628.10
P53210,628.10
P25293,628.00
Q05900,628.00
P14922,627.80
P48606,627.80
P39526,627.60
Q06178,627.50
Q03648,627.50
Q02793,627.40
P07284,627.00
P10961,626.70
P40350,626.70
Q08446,626.30
P41811,626.20
Q06287,626.00
P53110,626.00
Q3E756,625.60
Q05506,625.50
P60010,625.50
Q12354,625.40
P50095,625.10
Q08421,625.00
P32464,624.70
Q06697,624.60
P22137,624.60
P35182,624.60
Q12160,624.60
P32524,624.50
P35729,624.40
Q04458,624.20
Q92331,624.00
P39985,623.90
P40348,623.80
P40035,623.80
P35202,623.60
P38129,623.50
P43535,623.30
Q06011,623.30
P00958,623.20
P06785,623.20
P07278,623.00
P32769,623.00
Q07834,622.90
Q05905,622.50
P53049,622.40
P00546,622.40
P12695,622.20
P41920,621.70
Q12525,621.20
P05319,621.10
P40541,620.90
P28273,620.70
Q07478,620.70
P32352,620.70
Q06543,620.40
P0CX54,620.40
P39538,620.40
Q12288,620.30
P35197,620.30
Q12277,620.20
Q07589,620.10
P17555,619.90
Q05568,619.80
P38793,619.80
P0C2H9,619.50
Q01477,619.40
Q3E757,619.30
P36022,619.20
P38912,619.10
P39078,618.80
Q06001,618.70
Q05166,618.50
P05317,618.50
Q07979,618.20
Q12159,618.20
Q04430,618.10
Q01389,617.60
Q04003,617.40
P38088,617.40
P51401,617.20
P16120,617.00
P51996,616.90
P47103,616.90
P47169,616.70
P32582,616.60
Q04344,616.40
Q06708,615.80
P38810,615.60
P25443,615.60
P00724-2,615.50
P42937,615.30
P0CX30,615.30
P43588,615.00
P25386,614.90
Q02516,614.90
P38254,614.70
P53200,614.60
Q12117,614.30
P46948,614.30
P0CX24,614.20
P13517,614.20
Q07897,614.10
P40070,613.90
P14906,613.70
P40029,613.60
Q08726,613.60
P34077,613.60
P39938,613.40
P29704,613.40
P54964,613.30
Q00711,613.20
P53145,613.20
Q12102,612.80
P39001,612.70
Q08045,612.70
P43585,612.60
P13586,612.30
P35177,612.10
P40513,612.10
Q07878,612.00
P54838,611.40
P39929,611.30
P40008,611.20
P39995,611.20
P34227,611.00
P53973,610.90
P39968,610.80
P08466,610.30
P53903,610.10
Q92325,609.90
P32521,609.70
Q12118,609.60
P36015,609.40
Q04336,609.20
P32454,609.00
P53114,609.00
Q04373,608.90
P38710,608.90
Q06137,608.80
P40019,608.60
P47068,608.50
Q05498,608.50
Q3E7X9,608.40
P32349,608.30
P38701,607.80
P32790,607.80
P47006,607.70
P05750,607.60
P0CX44,607.60
P32457,607.60
P53137,607.50
P40581,607.10
P19358,607.00
Q03161,606.80
P0CX28,606.60
P21827,606.50
Q07528,606.30
Q12406,606.20
P05739,606.10
P46990,606.10
P38315,606.00
P40064,605.70
P20449,605.60
P01094,605.60
P29547,605.50
P53072,605.50
P14120,605.30
P35691,605.30
P28272,605.20
Q06214,605.00
P26449,604.90
Q05931,604.90
P32502,604.70
P02406,604.60
Q02326,604.60
P07213,604.60
P32656,604.60
P36057,604.60
P32788,604.30
P33411,604.30
P32604,604.20
P54999,604.20
P29453,604.20
Q07657,604.00
P30665,603.90
P32495,603.90
Q12508,603.80
P38063,603.70
P38011,603.70
P20604,603.50
P41940,603.40
P40011,603.40
P38882,603.40
P38879,603.30
P00410,603.10
P42826,602.90
P39010,602.60
Q12387,602.60
P38698,602.50
P53604,602.50
P38694,602.00
P24583,601.80
P23643,601.70
P25087,601.60
P38374,601.50
P46944,601.40
P40531,601.30
P32366,601.30
P54000,601.30
Q12429,601.10
P38313,601.10
P25655,600.90
P53081,600.70
P22214,600.60
P20433,600.50
P38251,600.40
P47117,600.10
P48240,600.00
P39079,600.00
P43321,600.00
P32263,599.80
P20434,599.60
P43601,599.60
P38748,599.60
P38627,599.50
P37267,599.50
P33760,599.50
P36008,599.40
P18898,599.30
P20049,599.30
Q08641,599.30
P16603,599.20
Q08601,599.20
Q08645,599.20
Q06688,599.00
P54074,599.00
Q03690,599.00
P02994,598.90
P33767,598.80
P47141,598.70
Q06107,598.50
P09624,598.50
P39742,598.30
P06367,598.10
Q04439,598.10
Q08412,597.90
P53859,597.70
Q03713,597.60
P35732,597.50
Q03407,597.40
Q3E795,597.40
Q12143,597.00
P25339,597.00
P26786,596.70
P40099,596.60
P12612,596.60
P38687,596.50
P32527,596.40
P40009,596.30
P01097,596.20
Q06263,595.90
Q03579,595.80
Q01722,595.60
P22213,595.60
P04449,595.60
P53914,595.60
Q12273,595.60
P38795,595.50
Q12672,595.50
Q12265,595.20
Q01560,595.10
P39744,595.00
P38061,595.00
P17157,594.90
Q12009,594.80
P38205,594.60
P07261,594.50
P32916,594.10
P32324,593.30
P28707,593.20
P32642,593.20
P38329,593.10
P53111,593.10
P48567,593.00
Q04183,592.80
P36517,592.60
Q12466,592.50
P38080,592.40
P40318,592.30
P16661,592.30
P38792,592.20
Q12403,592.20
P38225,592.10
P35196,592.10
P39743,592.00
P53875,592.00
P46971,592.00
P06701,591.90
P04801,591.90
Q12030,591.80
P0CX36,591.70
P43609,591.60
P07560,591.50
P25378,591.50
Q08162,591.50
P33201,591.40
P21825,591.10
P0CX85,591.10
P25635,591.00
P26785,590.80
P12754,590.80
P56628,590.80
P32794,590.70
Q08723,590.60
P38825,590.60
P33297,590.60
P19146,590.30
Q06142,590.30
P53900,590.20
P10664,590.20
P40094,590.20
P22696,589.90
Q08686,589.90
P32565,589.90
P40509,589.60
P07280,589.50
Q12153,589.30
P38426,589.20
P38122,589.10
P34228,589.00
P05748,589.00
Q02206,588.70
Q04673,588.60
P33324,588.60
P38788,588.30
P07260,588.10
P40498,588.00
P53946,587.80
P17214,587.80
P17891,587.70
Q12754,587.60
P25359,587.50
P38174,587.40
P38756,587.40
P53952,587.40
P25631,587.20
P23615,587.10
P32855,587.10
Q06321,586.70
Q02821,586.70
Q12404,586.70
Q12450,586.60
Q86ZR7,586.50
P38822,586.50
P04803,586.40
P00812,586.40
Q01802,586.30
P0CX40,586.10
Q04869,586.10
Q99297,586.00
P53741,585.90
P41056,585.80
P53256,585.70
Q07845,585.70
P53107,585.70
Q04533,585.60
Q05635,585.60
P40098,585.60
Q08225,585.60
P48589,585.50
P04456,585.30
Q06672,585.20
P40202,585.00
P25847,584.90
Q03254,584.90
P32469,584.80
P53912,584.60
Q02888,584.60
P32629,584.60
P04046,584.30
P40477,584.20
Q12033,584.10
Q12496,583.80
Q03290,583.80
P32494,583.70
P0CX46,583.60
P38281,583.50
O14455,583.00
P20459,582.90
P38782,582.90
P38089,582.80
P31688,582.70
P29478,582.60
P25569,582.30
P38817,581.80
Q03264,581.80
P33401,581.70
P40016,581.60
P36105,581.50
Q07951,581.40
P08018,581.30
P38276,581.30
P33442,580.70
P38187,580.70
P48015,580.50
Q05676,580.40
Q12234,580.30
Q3E754,580.30
P48582,580.10
P15646,580.10
P40413,580.10
P32471,580.00
P34167,579.90
P38555,579.90
Q04947,579.80
Q12524,579.80
Q06833,579.60
P54113,579.50
P05744,579.50
Q07688,579.40
P40046,579.20
P05453,578.70
P11484,578.60
P18888,578.50
P38985,578.50
P48363,578.50
P25343,578.40
Q04493,578.30
P33309,578.30
P07884-2,578.30
P04147,578.20
Q05468,578.10
P0CX50,578.10
P39993,578.10
P32873,578.00
Q05583,577.90
P05737,577.80
Q12306,577.70
P53730,577.50
Q01454,577.50
P42942,577.30
Q06489,577.30
P16140,577.10
P38260,577.10
P09064,576.50
P46957,576.40
Q02776,576.30
Q04660,576.20
Q05359,576.20
Q08220,576.10
P27697,576.00
P45978,575.90
P29703,575.90
P38742,575.70
P26784,575.60
P48164,575.60
Q02486,575.60
P34110,575.50
P06704,575.40
P47104,575.20
Q12431,575.20
P32939,575.10
P23638,575.10
P14127,575.00
P40573,574.90
P52491,574.90
Q12499,574.80
Q06677,574.70
P40340,574.50
P02400,574.50
P48836,574.40
P32857,574.20
P40217,574.20
Q12402,574.10
P07703,574.00
P07244,574.00
P0C0T4,573.90
P53011,573.80
P38862,573.60
P40994,573.50
P53044,573.40
P50623,573.30
P26570,573.10
P14908,572.90
Q08285,572.80
P50079,572.70
P40005,572.60
P42838,572.60
P46670,572.60
Q12305,572.40
P33307,572.20
P38216,572.10
P53195,572.00
P28274,571.80
P53139,571.60
Q05515,571.50
P38764,571.50
Q06385,571.40
P32832,571.20
P40024,571.10
P39011,571.00
P14747,570.90
P19524,570.90
P53169,570.90
Q03195,570.80
P46682,570.70
Q04792,570.70
P40484,570.60
P25345,570.20
P39730,570.20
O13585,570.20
P17883,570.10
P53082,570.10
Q03088,569.60
P40459,569.60
P40091,569.60
Q12123,569.50
P46951,569.50
P53191,569.50
P22224,569.40
P25373,569.10
P53128,568.90
P32316,568.90
P28625,568.80
P07273,568.70
P53141,568.60
P32854,568.50
P08678,568.10
P17898,567.90
P39990,567.90
P40825-2,567.80
P41903,567.80
P07347,567.70
P47013,567.70
P38781,567.60
P38635,567.50
P32634,567.50
P49166,567.40
Q03508,567.40
Q03028,567.40
Q04781,567.30
Q04311,567.20
P43586,566.90
Q03774,566.80
P25632,566.40
Q03406,566.30
Q06892,566.30
P40089,566.30
P39531,566.20
P32356,566.20
Q12080,566.10
Q99257,566.10
P39718,566.00
P22203,565.90
P80967,565.80
P40991,565.70
P35207,565.60
P50875,565.50
P24000,565.00
P38203,565.00
Q04418,564.80
P38626,564.80
P47139,564.80
P40540,564.50
P32473,564.50
Q12220,564.40
P47089,564.40
Q04225,564.40
Q06344,564.20
P51402,564.10
P19881,563.90
P39012,563.80
Q12099,563.70
P25694,563.70
P38688,563.60
P40327,563.60
P25361,563.60
P53327,563.50
Q12018,563.50
P32331,563.40
P39523,563.30
P07263-2,563.20
P48526,563.10
P33313,563.00
P32458,563.00
P38307,562.90
P40890,562.90
Q06629,562.90
Q02554,562.50
P32660,562.10
P21269-2,561.90
P47137,561.80
P54787,561.80
Q99260,561.80
P36103,561.60
P38623,561.60
P08417,561.40
P49775,561.20
P40416,561.00
P54783,560.90
P32599,560.80
Q05779,560.70
Q12395,560.60
Q05775,560.60
P43638,560.40
Q04437,560.00
Q04600,559.70
P42846,559.70
P34223,559.70
Q03750,559.70
P40069,559.40
P47122,559.20
Q06706,559.20
P40081,558.90
P38797,558.80
Q12276,558.70
Q06336,558.60
P54837,558.60
P35180,558.60
P11655,558.50
Q00246,558.50
P41734,558.50
P09880,558.40
P38719,558.20
P46959,557.90
Q10740,557.80
P25644,557.70
Q01329,557.50
P02992,557.30
P39015,557.10
P17076,557.10
Q06506,557.00
Q9URQ5,556.90
P38803,556.90
P53974,556.60
Q12114,556.40
P38861,556.40
P36101,556.30
Q04935,556.20
P34221,556.00
Q03525,556.00
P17649,555.40
P15891,555.40
Q99287,555.30
P38779,555.20
Q01852,555.00
Q03497,554.80
Q06436,554.70
P53337,554.60
P20052,554.50
P38972,554.50
P39101,554.20
P40969,554.10
Q12746,554.10
P53131,554.00
P43593,554.00
Q06493,553.90
P38828,553.90
P38682,553.30
P14126,553.30
Q12211,553.20
Q99383,553.10
P40957,553.00
P38198,552.80
Q06678,552.40
P53538,552.40
P23644,552.30
P53550,552.20
Q04341,552.20
P32505,551.90
P21954,551.90
Q12164,551.70
P53847,551.60
P40161,551.50
P38234,551.40
P42842,551.40
P40037,551.40
P32328,551.30
Q06639,551.30
P0C2H6,551.30
P38272,551.30
P38523,551.30
Q02948,551.30
P39926,551.20
Q12179,551.00
P47037,551.00
Q08689,550.90
P06782,550.90
P32569,550.70
P39931,550.70
P47120,550.60
P38439,550.60
Q12314,550.60
P17442,550.50
P25040,550.50
Q06339,550.20
P38875,550.10
P32492,550.10
P50106,550.00
P53177,550.00
Q03940,549.90
P47118,549.70
P48360,549.70
P06244,549.60
P20134,549.60
P53324,549.40
P22515,549.10
P32895,548.80
Q12480,548.60
P27514,548.60
P25659,548.10
P36159,547.90
P37292,547.90
P20107,547.90
P42935,547.70
P46956,547.60
P40071,547.50
P06634,547.30
P57743,547.30
Q06525,547.20
P52488,547.20
P40362,547.10
Q12517,546.70
P40959,546.70
P39984,546.60
Q03862,546.60
Q12461,546.60
P39524,546.40
Q12382,546.10
P40515,546.10
P49167,546.00
P23301,546.00
P33755,546.00
P46676,545.90
P53628,545.90
P27472,545.30
Q05636,545.20
P28007,545.10
P22336,544.90
P38915,544.90
P38885,544.90
P54858,544.70
Q05787,544.70
P11914,544.60
P14907,544.50
P36051,544.50
P25375,544.40
P32445,544.40
Q12504,544.30
Q08281,544.20
P22936,544.00
P13259,543.90
P22943,543.70
P30771,543.50
P46958,543.40
P12385,543.30
Q99181,543.30
Q12335,543.20
Q3E7A7,543.00
P16521,542.90
P36024,542.80
Q03784,542.70
P49687,542.70
P32767,542.50
P39685,542.50
P46681,542.40
P38144,542.30
P22217,542.20
P46963,542.00
P33298,541.90
P0C2I7,541.90
Q08972,541.90
P10823,541.80
P39104,541.70
P16451,541.70
Q00764,541.60
P48439,541.50
P39935,541.50
P18962,541.50
P53067,541.30
P32481,541.30
Q06205,541.30
P53272,541.10
P38833,541.00
P38115,540.70
Q07505,540.70
P47818,540.50
P32523,540.10
P36114,539.70
P33891,539.60
P53632,539.50
P38736,539.40
Q12055,539.40
Q99288,539.40
Q02774,539.20
Q03049,539.10
P33314,539.10
P32259,538.90
Q08179,538.70
P32600,538.60
P20606,538.60
P39013,538.20
P50102,537.90
P37254,537.90
Q99247,537.80
P36147,537.60
P53583,537.50
P31385,537.40
P39107,537.30
P38913,537.30
P46988,537.30
Q12488,537.20
Q12383,537.00
P15274,537.00
P38970,536.80
Q05942,536.40
Q04279,536.30
Q06053,536.20
Q04223,536.00
P25037,535.90
P43636,535.90
P47051,535.80
P38625,535.70
P53863,535.60
Q12072,535.40
P50108,535.40
Q00776,535.30
Q04212,535.20
Q12745,534.90
P41896,534.90
P33894,534.90
P15367,534.80
P36108,534.70
P07256,534.50
P53898,534.40
P32357,534.40
Q12455,534.10
P06838,534.00
P40032,533.90
P32451,533.90
Q03429,533.80
P38789,533.70
P53870,533.70
P33331,533.40
P53267,533.40
Q12339,533.20
P11075,533.10
P37370,533.10
Q06169,533.00
P53851,532.90
P36088,532.80
P33895,532.60
P32836,532.60
P38877,532.50
P25555,532.40
P37293,532.20
P13856,532.10
P07236,532.10
P53125,532.00
P0CX48,531.80
Q03323,531.70
P40517,531.60
Q08924,531.50
Q08213,531.50
P49626,531.50
P35734,531.40
P32911,531.40
Q03373,531.40
Q12308,531.10
P27801,531.00
P19516,531.00
P32319,530.90
Q03640,530.90
Q06689,530.80
P11491,530.70
P19262,530.60
P53212,530.40
Q12189,529.90
P40160,529.90
P09440,529.70
P26793,529.60
P32896,529.50
P23201,529.50
P53244,529.40
Q12084,529.40
P32377,529.30
P46985,529.30
P41057,529.20
P53073,529.20
P40533,529.20
Q05016,529.10
P49957,528.70
P43597,528.40
Q12445,528.30
P25039,528.20
P53878,528.10
Q04847,528.00
Q00362,528.00
P00890,527.90
P40961,527.80
P38903,527.80
Q05791,527.70
P40204,527.40
P40053,527.40
P19735,527.20
P38237,527.10
Q08484,527.00
Q12532,526.80
P32419,526.70
Q05949,526.70
P53136,526.70
P41805,526.70
Q12518,526.70
Q08023,526.60
P40567,526.50
Q05946,526.50
P11632,526.40
P17255,526.20
P53954,526.10
Q99189,526.10
Q04272,526.00
Q08959,525.80
Q06623,525.70
P25451,525.60
P53038,525.40
P40312,525.00
P48412,525.00
P21304,525.00
P38851,524.90
P27466,524.70
Q00684,524.30
P40319,524.20
P53163,524.10
Q12019,524.10
P52910,523.90
P36775,523.40
P46669,523.10
P53280,523.10
Q08920,522.90
Q04264,522.80
P32609,522.60
P47077,522.40
P43612,522.30
P53040,522.10
P32783,521.90
Q07844,521.90
P40368,521.70
P39533,521.60
P38786,521.60
P53960,521.50
Q07349,521.40
P38255,521.40
Q04177,521.00
P53043,521.00
P38222,521.00
Q08965,520.80
P09950,520.70
P21373,520.10
Q12270,520.10
P49686,520.00
P34909,519.90
P53290,519.80
P40056,519.70
P20081,519.60
P32906,519.10
Q06213,519.00
Q02884,519.00
P38816,518.80
Q06505,518.80
P25385,518.50
P17106,518.40
P38746,518.10
P53686,517.90
P38758,517.80
P48361,517.70
P16387,517.60
P42945,517.20
P07251,517.20
P53091,517.10
P36102,517.00
P32479,517.00
P16649,516.80
Q08742,516.70
P38911,516.50
P43619,516.20
P40970,516.20
P34761,515.90
P20967,515.80
P53980,515.70
Q02875,515.50
Q03722,515.50
P04161,515.50
Q08245,515.10
P36123,515.10
P32908,515.10
P38333,514.80
P41697,514.70
P40487,514.50
P25582,514.50
Q08773,514.10
Q05022,514.10
P25368,514.00
P0CX38,513.60
P48231,513.40
Q02354,513.20
P38351,513.20
Q12515,512.90
P36160,512.80
Q04305,512.60
P38966,512.30
Q06170,512.30
P38772,512.10
Q12680,512.10
P50947,511.60
Q03833,511.60
Q03761,511.50
Q05567,511.30
P00331,511.30
P25038,511.30
P40450,511.10
P38428,511.10
P48353,510.90
P54790,510.70
P40548,510.70
P53276,510.70
P10659,510.70
P52893,510.60
P20048,510.60
P37291,510.30
P10662,510.20
P00830,510.20
P32583,510.10
Q06511,509.70
Q12420,509.60
P40469,509.00
P38771,509.00
P38146,508.80
P40564,508.80
P28795,508.80
P38624,508.60
Q02256,508.50
P38732,508.40
P47113,508.40
P40083,508.10
Q03124,508.10
Q08096,507.80
P47048,507.60
P07342,507.60
P41921,507.30
P47116,507.20
P23595,507.00
P47018,506.80
P38065,506.60
P53860,506.50
P32628,506.50
P53959,506.40
P36049,506.40
P37262,506.30
Q12460,506.20
P38909,506.10
Q12326,506.00
O74700,505.80
Q05518,505.60
P36523,505.50
P49435,505.30
P02309,505.30
P36516,505.20
P20447,505.10
Q07799,505.10
P53920,505.00
P50105,505.00
P32266,504.90
P38920,504.90
P36084,504.80
Q05543,504.80
Q06485,504.70
P46989,504.60
P53218,504.60
P36161,504.50
P47140,504.50
P35183,504.50
Q07381,504.40
P39014,504.40
Q08287,504.30
P32897,504.20
Q12463,504.10
P06844,503.80
Q02775,503.60
Q02889,503.40
P53877,503.40
P31382,503.30
P36146,503.20
P53598,503.10
O13525,503.00
Q05812,502.80
P37297,502.60
Q3E833,502.50
Q03790,502.50
P32567,502.20
Q06631,502.00
Q05040,501.90
P36520,501.70
P38811,501.70
P06839,501.60
P53599,501.40
P39007,501.30
P32893,501.30
P53009,501.20
Q07896,501.20
P32340,501.20
Q02457,501.10
P01120,501.00
P12688,500.60
P32367,500.00
P36048,499.90
P43554,499.80
P38883,499.80
P0C5N3,499.80
P31109,499.80
Q08647,499.60
P40012,499.60
P46973,499.60
P35178,499.50
P45976,499.20
P27882,499.20
Q12500,499.10
Q05924,498.80
Q02825,498.70
P11938,498.60
P27476,498.30
P13186,498.20
P38332,498.00
P53270,498.00
P32477,497.90
Q05871,497.90
P24521,497.80
P14681,497.80
Q07923,497.70
P47102,497.70
Q12751,497.60
P06779,497.50
P52593,497.40
P39966,497.20
P48524,496.80
P31115,496.80
P32773,496.70
Q12206,496.60
P33333,496.30
P32480,496.00
P53299,495.90
P53070,495.80
P53172,495.80
Q04599,495.70
Q12385,495.70
P41819,495.60
P47108,495.60
Q02872,495.50
P36046,495.40
P40328,495.40
P32843,495.00
P22803,494.90
P53261,494.60
P50861,494.60
Q06698,494.50
Q06624,494.50
Q12315,494.40
Q04013,494.40
Q03281,494.30
Q6Q546,494.20
P06197,494.10
P53076,494.10
P27616,494.00
P17629,493.80
P43579,493.70
Q08826,493.70
Q04697,493.60
P39517,493.20
P53833,493.20
P35718,493.10
Q04053,493.10
P32568,493.00
P38853,492.90
Q07938,492.70
P38768,492.50
Q02647,492.30
P36041,492.30
P25382,492.30
Q12462,491.80
P43564,491.60
Q3E764,491.50
P35723,491.50
Q08951,491.50
P40325,491.20
P47047,491.00
P53836,491.00
P00927,491.00
P47172,490.70
P33302,490.40
Q03652,490.10
P47045,490.00
P37304,489.90
P40453,489.80
P53255,489.70
P38109,489.70
P40576,489.60
P38304,489.40
P36224,489.30
P36100,489.20
Q04779,489.20
P32776,489.10
Q12176,489.00
Q04585,489.00
Q01976,489.00
P38127,488.70
P39732,488.50
P47084,488.50
P48365,488.50
P32461,488.20
Q99207,488.20
Q02804,488.20
P47061,488.00
P32453,488.00
P15703,487.90
Q05533,487.90
P53968,487.80
P53075,487.80
P40508,487.70
Q02555,487.60
P12962,487.40
Q03012,487.30
P40506,487.00
P43592,486.80
Q12483,486.60
P09959,486.50
P53192,486.40
Q02805,486.30
P37302,486.00
P53119,485.90
P26755,485.90
P38228,485.80
Q12204,485.70
P38071,485.70
P06102,485.60
P38247,485.50
Q04182,485.20
P06738,485.10
P23293,485.00
P35184,485.00
P47143,484.90
P39102,484.70
P39954,484.70
P36097,484.60
P41735,484.60
P38077,484.50
Q07555,484.50
P29468,484.40
P32899,484.40
Q07457,484.40
P38179,484.40
P38755,484.30
P39008,484.30
P40358,484.10
Q05809,483.90
Q12514,483.80
P39927,483.70
P49017,483.70
Q03466,483.50
P21965,483.30
Q12046,483.30
P15565-2,483.10
O13563,482.80
Q07084,482.70
P53894,482.60
Q04087,482.60
P25332,482.40
P25574,482.10
Q08952,482.00
Q99369,482.00
P26754,481.90
P38845,481.70
P36120,481.40
P54730,481.30
P40493,480.90
P32793,480.90
Q02792,480.80
P32601,480.70
Q12004,480.60
Q03954,480.50
P54791,480.40
P38314,480.40
P19158,480.30
P33448,480.20
Q07418,480.20
P38962,479.90
Q12168,479.70
P53295,479.70
Q08746,479.60
P21375,479.40
Q01080,479.40
P07267,479.00
P53848,479.00
P53739,478.80
P41814,478.80
P43572,478.70
Q04370,478.40
P40471,478.30
P40055,478.30
Q12024,478.20
Q6Q547,478.10
Q02931,478.00
Q04048,477.60
Q03942,477.30
P40422,477.20
Q05911,477.10
P39002,477.00
P32833,477.00
P36081,476.60
Q04773,476.20
P33418,476.10
P43573,476.00
P36112,475.90
O94742,475.80
P47123,475.60
P25617,475.40
Q02455,475.00
P53743,474.90
P32342,474.80
Q04213,474.80
Q03496,474.50
P34220,474.50
P53901,474.40
P19073,474.20
Q08444,474.20
P25296,474.20
Q08278,474.20
Q08954,474.10
P29496,474.10
P31334,473.80
Q03920,473.80
P36151,473.80
Q04472,473.50
Q12345,473.40
P40343,473.40
P32591,473.40
P25369,473.30
P47031,473.20
P39543,473.10
P53917,472.90
Q03280,472.80
P39692,472.80
Q05919,472.70
P38712,472.30
Q01590,471.90
P46673,471.50
P32597,471.40
P53911,471.40
P23641,471.40
P00431,471.10
P37296,470.90
P40006,470.90
P07259,470.80
P39979,470.80
P32860,470.50
Q07623,470.50
P36059,470.50
Q03956,470.40
Q04377,470.40
P46984,470.00
P23202,469.90
P36144,469.90
Q03434,469.80
Q03306,469.70
P53962,469.20
Q06218,469.10
Q12417,468.80
P29366,468.50
P38261,468.50
P43556,468.50
P53079,467.80
Q03557,467.80
P39923,467.80
P25441,467.80
P21734,467.70
P47114,467.70
Q12241,467.60
Q05580,467.40
P23796,467.20
P31378,467.00
P53144,466.70
P22216,466.60
Q12425,466.40
P39678,466.40
P33759,466.30
P04819-2,466.10
P47054,466.00
P49334,465.90
P39940,465.30
P00447,465.30
Q12753,465.20
P30624,465.00
P09938,464.90
Q03759,464.50
O13329,464.40
Q12186,464.30
P53889,464.20
P40341,464.10
P29509,464.10
Q03834,464.10
P38349,463.80
P43557,463.80
P53951,463.70
Q08732,463.60
P50110,463.50
Q07451,463.40
P39937,463.10
Q08223,462.90
Q08650,462.70
Q3E772,462.70
P69771,462.60
Q06668,462.50
P36162,462.30
P38165,462.20
Q02201,462.10
P12753,462.00
P52489,461.90
P42938,461.80
P33202,461.60
P53883,461.50
P36528,461.40
P27614,461.30
Q05471,461.20
P11633,461.10
P38630,461.00
Q06224,461.00
Q08231,460.80
Q08818,460.80
Q12066,460.80
P38295,460.70
Q04004,460.40
P18900,460.20
P47160,460.10
P47170,459.90
P18852,459.70
Q04739,459.60
Q07716,459.60
P38323,459.40
Q08966,459.30
Q06147,459.20
Q07532,459.20
Q06497,459.00
P47015,458.70
Q03330,458.60
P40210,458.60
P38692,458.50
P23292,458.50
Q12180,458.50
P42940,458.50
P38230,458.30
P32892,458.20
P43613,458.20
Q12213,458.20
Q12389,458.10
P23060,458.10
Q12291,457.30
P51534,457.20
P38167,457.00
P53320,456.80
P40357,456.60
P53552,456.40
P33441,456.10
Q01448,456.00
Q03981,455.90
P53843,455.90
P14693,455.90
P0CX64,455.80
P36060,455.60
P32784,455.10
P36036,455.10
P41543,454.90
P43570,454.80
P17695,454.70
P53271,454.70
P47127,454.70
P47165,454.50
Q06245,454.00
P39705,453.90
P46965,453.60
P53326,453.60
Q07914,453.40
P53207,453.10
P24004,453.10
P40492,453.00
Q05029,453.00
P07250,453.00
P40486,452.80
P43582,452.80
P41832,452.70
P05374,452.70
P0CX81,452.60
P32639,452.50
P40468,452.40
Q08144,452.30
P32792,452.00
P21538,451.80
Q12125,451.60
Q12272,451.60
P47029,451.40
Q02159,451.30
P06784,451.20
P05694,450.70
P25558,450.70
P35169,450.40
P38961,450.40
Q04489,450.10
P32774,450.00
P24783,450.00
Q12511,449.90
P25560,449.80
P38931,449.80
P53972,449.70
P39727,449.60
Q03653,449.60
P38111,449.60
P38854,449.50
P40043,449.20
Q04338,448.90
Q07508,448.60
Q04226,448.40
Q03322,448.40
P40051,448.30
P28817,448.30
P32364,448.20
P50874,448.20
P32566,448.00
P38705,448.00
P33753,448.00
P32806,447.80
P53840,447.70
Q04195,447.60
Q07622,447.30
P36004,447.20
Q06704,447.20
Q08227,447.00
P23561,446.90
P34217,446.80
Q01662,446.60
Q12025,446.60
P18851,446.50
P32335,446.50
P34248,446.40
Q00723,446.30
Q06411,445.80
P27692,445.70
Q03656,445.60
Q03532,445.60
P25808,445.40
P05986,445.40
P47095,445.20
P53923,445.10
P38902,445.00
Q04396,444.90
P61830,444.80
P39955,444.80
P53094,444.60
Q00816,444.30
P07275,444.20
P33322,444.10
Q03002,444.00
P25389,443.90
P46675,443.80
P40207,443.70
P11433,443.70
Q06091,443.40
P22211,443.30
P39081,443.00
P53051,442.60
Q06188,442.40
P32462,441.80
P53274,441.80
Q08886,441.70
P53330,441.60
P41895,441.50
P39933,441.50
Q02979,441.50
P32525,441.40
Q08299,441.40
P38850,441.10
P43132,441.10
P40529,441.10
P33339,440.90
P32529,440.80
P31380,440.50
P25573,440.40
P53220,440.40
P47025,440.40
P53237,440.20
P40022,440.20
P38932,439.90
Q06820,439.80
Q02771,439.60
P40208,439.50
P47016,439.00
P53166,438.70
P12868,438.40
P25349,438.30
P38067,437.80
Q03177,437.70
P42840,437.70
Q06143,437.60
P53617,437.50
Q04170,437.40
P35728,436.60
P07263,436.50
Q07458,436.40
P38221,435.80
O13297,435.50
P40433,435.40
Q08553,435.40
P09457,434.90
Q03880,434.70
P53759,434.50
P32910,434.20
P06786,434.20
P32807,434.10
Q12178,434.00
Q12136,433.70
Q02784,433.70
Q06102,433.60
P36519,433.10
Q04461,433.10
P27825,432.80
Q06549,432.60
P43555,432.50
P42841,432.50
P54003,431.60
P36130,431.60
P38121,431.30
Q07395,430.40
P40010,430.30
Q12487,430.10
Q05541,430.00
P48525,429.90
Q05584,429.70
P20448,429.70
P21771,429.50
P37303,429.40
P34078,429.00
P34241,428.70
P43558,428.60
Q03735,428.60
P47159,428.50
P53318,428.40
P29055,427.90
P38801,427.40
Q03516,427.40
Q02969,427.40
P80428,427.20
Q06108,427.10
P40345,427.00
P46964,427.00
Q12292,426.50
P38130,426.40
P53871,426.30
Q03707,426.30
P50085,426.10
P53224,425.60
Q06451,425.60
P31381,425.50
P38870,425.30
P38282,424.90
Q12368,424.80
P53971,424.80
Q12408,424.70
Q04894,424.70
Q08921,424.60
Q03305,424.50
Q12451,424.20
P23797,424.20
Q06337,424.00
Q3E705,423.70
P27515,423.60
Q12108,423.50
P11747,423.50
P22023,423.00
P39726,423.00
Q04602,422.90
Q99177,422.90
P50089,422.90
Q12181,422.80
P38210,422.80
P40857,422.60
P32802,422.40
Q12287,422.40
Q12038,422.30
P40452,422.30
P43589,422.00
P35725,421.90
P40154,421.90
P20424,421.70
Q12255,421.70
Q99210,421.60
P38819,421.50
P32797,421.20
Q04031,421.20
P53904,421.10
Q3E790,421.00
P01119,420.80
P37263,420.60
P22007,420.50
P10834,420.20
P17890,420.10
Q02608,420.00
P52917,419.90
P38325,419.50
P39525,419.40
P53168,419.20
P25586,419.00
Q02208,418.90
P09547,418.90
P47083,418.70
Q03769,418.60
P49704,418.30
P22136,418.00
P40096,417.90
P40693,417.90
Q3E829,417.60
Q06630,417.30
Q99321,417.00
Q04675,416.50
P15424,416.30
P33893,416.30
Q03063,416.30
P53935,416.20
P40582,415.90
P07246,415.80
P34111,415.60
P38738,415.40
P39682,415.40
Q06089,415.30
P06781,415.00
P46151,414.80
P53118,414.50
Q04477,414.40
P40956,414.30
P25372,413.90
Q99314,413.80
P21560,413.70
Q06407,413.60
Q12233,413.50
P38069,413.40
P53720,412.80
Q92317,412.60
P38319,412.60
P38193,412.40
P32770,412.40
P32864,412.30
Q07950,412.30
Q03654,412.30
P40151,412.20
P40354,412.10
P43122,412.10
Q03213,412.10
P41818,411.30
Q12000,411.00
P40457,410.80
P48237,410.70
P25651,410.60
P18239,410.50
Q05021,410.50
P17261,410.30
P53115,410.30
P40356,410.20
P08425,410.10
P47069,410.10
Q08622,410.00
P36018,409.60
P53312,409.50
Q08651,409.20
P39960,409.00
P10964,408.70
P18496,408.50
P07866,408.20
P53685,408.10
P36148,407.90
P53201,407.70
P81449,407.70
P32801,407.30
P41910,407.20
P38152,406.80
P34756,406.00
Q12415,405.60
P47190,405.60
Q6Q595,405.20
P32909,405.10
P47177,405.00
Q12091,404.20
P32805,404.00
Q12051,404.00
P40958,404.00
P22276,403.80
P39731,403.60
Q12060,403.60
Q6Q560,403.30
P32611,403.10
P25627,403.00
P06778-3,403.00
P53112,402.80
P32606,402.50
Q04651,402.40
P32288,402.20
Q08282,402.10
P08539,402.10
P45818,402.00
P04821,401.70
P39009,401.70
Q05672,401.60
P25616,401.20
Q08749,401.00
Q06682,400.80
Q12035,400.60
Q03714,400.50
P47057,400.50
Q9URQ3,399.90
P07807,399.80
P40467,399.80
P38305,399.50
Q03660,399.20
Q08273,399.20
P29295,398.90
P07253,398.80
P53176,398.60
Q00416,398.20
P24031,398.10
P32333,397.70
P49095,397.50
P53941,396.90
P08518,396.90
Q08236,396.80
P40555,396.70
P39956,396.70
P40360,396.40
P38072,396.40
P25626,396.40
P36094,396.30
Q12446,396.20
P12887,395.50
P00044,395.50
P36121,395.10
Q04772,395.00
P53930,395.00
Q08208,394.60
P40566,394.30
Q12432,394.00
P32891,393.80
P39714,393.80
P53753,393.80
P33308,393.80
P22543,392.80
P35999,392.50
Q3E7Y6,392.40
Q07541,392.30
Q08491,392.10
Q12482,392.00
P36126,392.00
P46671,391.90
Q99385,391.40
Q06350,391.30
P16547,390.90
P36009,390.70
P33417,390.60
P38992,390.60
P16522,390.50
P21147,390.30
P32330,390.10
P32380,390.00
P38264,389.80
P43124,389.60
P39719,389.50
Q04347,389.40
Q08831,389.20
P48234,389.10
P46947,389.00
Q12096,389.00
P15179,388.90
Q12020,388.70
P39715,388.30
P36080,388.20
P11325,387.90
Q99316,387.90
Q08438,387.90
Q12166,387.90
P29539,387.70
P16664,387.70
P33311,387.50
P18963,387.50
P38066,387.50
P53924,387.40
P25554,387.30
P20095,387.20
Q01919,387.10
P32867,387.00
Q07913,386.90
P22135,386.40
P39721,386.20
P22579,386.20
P53215,386.00
P25374,385.90
P39925,385.20
P38337,385.00
P10862,384.90
P17558,384.80
P40155,384.70
P42073,384.50
P33748,384.30
Q02724,384.10
P14164,383.80
Q04471,383.70
P03871,383.70
P38300,383.50
P36158,383.40
P06700,382.60
P53437,382.50
P35688,382.50
P36534,382.30
Q12510,382.20
P32580,381.90
P53252,381.60
Q06709,381.00
P33334,380.90
P40060,380.50
P38783,380.40
P53909,380.30
Q04562,380.10
P28496,379.70
P40553,379.50
Q06156,379.50
P47086,379.40
Q04217,379.20
P53942,379.00
P35727,379.00
P38197,378.90
P32466,378.70
Q12063,378.30
Q96VH5,377.80
P32618,377.50
Q12347,377.40
Q05024,377.20
P35996,377.10
Q3E7B2,377.10
Q06449,376.90
P39729,376.90
Q06179,376.40
P12686,375.90
Q3E7C1,375.50
P32325,375.30
P52920,375.10
P25344,374.90
P35194,374.70
Q12129,374.70
P40507,374.50
Q03897,374.40
P42844,374.30
Q12320,374.20
Q06405,374.00
P21306,373.90
P48743,372.70
P40367,372.70
Q06604,372.60
P40087,371.90
P00445,371.10
P32613,371.00
P53008,370.80
P32849,370.80
Q03799,370.70
Q04089,369.90
Q12373,369.80
Q06106,369.80
O60200,369.50
P10849,369.40
P38278,369.10
P40501,368.90
Q92316,368.80
P00330,368.50
P49956,368.40
P36034,367.50
P53890,367.40
P41813,367.30
P40516,367.10
Q99222,367.10
Q08001,366.80
Q08822,366.30
Q04740,366.30
P40007,366.10
Q04002,366.00
P35731,366.00
P53309,366.00
P39928,365.90
Q12200,365.90
P04050,365.80
P34250,365.70
P25656,365.50
P42900,365.30
Q02883,365.30
Q07915,365.30
P47150,365.00
P53292,365.00
P39965,364.70
P26725,364.20
Q9P305,363.40
P47158,363.10
Q06409,362.50
Q12284,362.50
P22219,361.40
P47050,361.10
P36525,360.90
Q04545,360.90
P40449,360.70
Q03016,360.60
P89102,360.50
P05626,360.30
P52871,360.30
P38929,360.10
P37838,359.90
P40496,359.90
P53331,359.90
P19812,359.30
P33329,359.20
Q04969,359.20
P18409,358.90
P36124,358.20
P38147,357.70
Q03201,356.50
P38112,356.10
Q06410,355.70
Q03246,355.10
P53217,355.10
P53253,354.70
P36141,354.70
P12687,353.80
P23394,353.70
Q06146,353.50
Q04412,353.50
P53146,353.40
Q03631,353.10
P24279,352.80
P40535,352.30
P22035,351.80
P20435,351.70
P53277,351.70
P28005,351.40
P53148,351.40
Q03661,351.30
Q12494,351.00
Q05027,350.90
P43583,350.50
Q07843,350.20
P38837,349.80
P37298,349.80
P40504,349.70
Q06109,349.40
P53919,349.40
P53226,349.10
P53734,348.50
P22204,347.80
Q12230,347.50
Q12297,347.50
Q03764,347.30
Q02772,347.30
P47135,347.20
Q12749,347.10
Q04924,346.90
P48562,346.60
P40084,346.50
Q06835,346.10
P27680,346.00
P10962,345.80
Q12100,345.70
P32800,345.60
Q02890,345.10
Q08237,344.70
P25302,343.90
P53866,343.20
P43563,343.10
P40549,343.10
P36521,343.10
Q08226,342.90
P39969,341.90
P38262,341.00
P46962,341.00
Q12495,341.00
P36166,341.00
P43615,340.70
P34247,340.70
P18494,340.50
Q04431,340.20
P43561,339.80
Q03703,339.50
P40990,339.20
Q12743,339.10
P22353,339.10
P38151,338.70
P38041,338.60
P53769,338.20
P40038,338.00
Q12044,338.00
P32839,337.90
P53885,337.20
P53725,337.00
P22138,336.70
P33328,336.60
Q12229,336.50
P07269,336.40
Q04401,336.20
P14063,336.00
Q12275,335.80
P53198,335.70
Q12124,335.60
Q02820,335.40
P36145,335.30
Q12247,335.20
Q12155,334.90
P53196,334.90
P47124,334.60
Q08930,334.40
Q06132,334.40
Q02892,334.30
P38429,334.20
P40485,334.00
Q00578,333.80
Q12421,333.80
P38959,333.70
P53858,333.10
Q03818,333.10
Q01163,333.10
Q12516,332.90
Q03758,331.80
P43565,331.70
Q05050,331.40
Q08634,331.40
P42843,331.40
P27637,330.80
Q3E784,330.70
Q12068,330.00
Q06315,329.50
P53879,329.50
Q08230,329.20
P22209,329.00
P17121,328.90
P32578,328.80
P06243,328.10
P05030,328.10
P40892,327.80
P12954,327.70
P47019,327.70
Q08991,327.30
Q03760,326.90
Q3E846,326.70
P43611,326.30
P43560,326.20
P46995,326.20
P53892,326.20
P53157,326.10
P25642,326.10
P23369,325.90
P47912,325.80
P34226,325.30
P57744,325.20
P53927,324.40
Q03687,324.30
P10507,324.20
P36115,324.10
Q12090,323.90
Q04119,323.90
P33750,323.20
P54867,323.10
Q02950,322.90
P53849,322.10
P36532,322.10
Q03976,322.00
P38341,321.80
P40002,321.30
P38182,321.20
P40152,320.00
P19541,319.30
P47110,319.20
P42834,319.20
P08004,319.10
P52892,317.40
Q12049,317.20
Q12467,317.00
Q12481,316.90
P08067,316.90
P39723,316.90
P25846,316.80
P47822,316.70
P40571,316.40
Q99216,316.10
P04037,315.90
P43594,315.40
Q06510,315.40
P24384,315.10
P53438,314.70
P51998,314.60
P15436,313.70
P53742,313.50
P00427,313.20
P36017,313.20
P38318,313.10
Q07350,312.60
Q06152,312.20
P35735,311.10
P47042,310.70
Q05789,310.40
P32317,310.10
P53159,310.00
P0C2J1,309.70
Q3E6R5,309.70
Q04231,309.20
Q12349,308.30
P06774,308.10
P22146,307.80
P40080,307.60
Q12032,307.50
P53121,306.70
P04051,306.60
Q03212,306.30
Q04228,305.20
Q00402,304.80
P40088,304.60
P38352,304.50
P38996,304.40
Q12248,303.90
P38070,303.70
Q12078,303.40
P42845,303.40
P22354,303.20
P38826,303.00
Q08269,302.60
Q08581,302.60
P36116,302.60
P11792,302.60
P32904,302.50
P53086,301.60
P32472,301.40
Q00873,301.30
P53283,300.70
Q06680,300.70
Q12296,300.40
Q07807,300.20
P19955,300.00
P23255,298.90
P20676,298.70
Q99278,298.70
P36106,298.20
Q04307,298.00
Q03612,298.00
Q08687,297.90
P22516,297.70
Q05902,297.70
P50896,297.70
P38889,297.60
P14680,297.50
Q12427,297.40
Q12246,297.40
P31377,297.10
P38274,296.80
Q08873,296.40
Q07540,296.20
P38829,296.10
P36083,295.80
P34246,295.30
P11927,294.50
P40164,294.40
P53278,294.10
Q04659,293.60
P46982,293.40
P53064,293.20
Q07362,292.60
P38306,292.50
P25333,292.20
P32621,292.00
P18899,291.80
P53933,291.70
Q08926,291.50
P40955,291.50
P47163,291.40
P36156,291.30
Q03503,291.00
P38859,290.90
P38812,290.30
Q03677,290.30
Q04033,290.20
P28004,290.20
P06843,290.20
P38344,289.40
P10663,289.10
P53317,289.00
P25355,289.00
P41821,289.00
P13574,288.70
O14468,288.10
Q02204,288.00
P53165,287.90
P23291,286.70
P53238,286.10
P53316,285.50
P13393,285.40
Q12274,284.90
Q04934,284.30
P14065,284.20
P40986,283.80
Q00539,283.40
P38143,281.90
Q04120,281.60
P38208,281.50
P38085,281.40
P38120,281.30
P53913,281.10
P34239,281.10
P17119,281.00
Q08193,281.00
P40557,280.70
P53227,280.60
P46678,280.40
P39724,280.00
P52911,280.00
P38213,279.70
Q05080,278.80
Q3E824,278.60
P22215,278.50
P22082,278.20
P40107,278.00
Q02100,277.90
P38827,277.50
P47175,276.90
Q08960,276.80
Q01519,276.50
P32875,276.40
P38175,276.20
P11972,275.80
P53305,275.70
P40558,275.70
Q06675,275.30
Q12094,275.10
P47149,274.30
P32902,273.40
P53313,273.10
P39521,272.10
P53096,271.90
Q06991,271.90
Q03430,271.00
P38302,271.00
P19659,269.40
Q08229,269.10
Q03071,269.00
P39006,268.80
P40494,267.60
Q08909,267.60
P11978,266.60
P00425,265.90
P07276,265.70
P38805,265.60
P81450,265.50
P22289,265.40
P32388,264.90
P38326,264.80
P39103,264.70
P36117,264.60
Q06389,264.40
P40562,264.40
Q3E7Z5,264.30
P38138,264.00
P54786,263.50
Q08561,263.50
P40547,263.40
P16892,263.40
Q04066,263.00
P20457,263.00
P38770,262.80
P40856,262.60
P32341,262.40
P38342,262.40
P42847,262.30
Q12334,261.90
P38887,261.20
P38177,260.90
P28737,260.90
P38753,260.80
Q03529,260.50
P38204,260.40
P43606,260.30
P36029,259.50
P38824,258.30
P53188,258.20
P32448,257.70
Q12309,257.30
P07258,257.00
P32838,256.50
Q12027,256.50
P32830,256.40
P39005,255.30
Q06148,255.00
P08525,254.60
P20084,254.50
P53732,254.20
P32791,253.50
P40478,252.50
P40568,252.10
P40215,251.50
P25566,251.50
P14772,251.10
P53260,251.00
P41834,250.50
P25353,250.20
P36165,250.00
Q12251,249.70
P53281,249.00
Q03104,248.10
P40218,248.10
P40470,248.10
Q04500,247.30
Q08217,246.80
P47171,245.90
P40570,245.90
P09798,245.60
P40466,244.00
P53335,243.10
P50107,242.70
P16639,241.30
P36056,240.60
Q12476,240.10
P33421,239.70
P54115,237.90
P40034,237.80
P09620,237.80
P53251,237.70
P53185,237.10
P38288,236.20
P14724,236.00
P53724,235.50
P38809,235.30
P32491,235.10
P21524,234.90
Q08986,234.80
P40048,234.50
Q05854,233.30
P40052,233.00
P32191,232.80
Q07949,232.70
P43610,232.30
P53297,231.70
P04039,231.60
Q05937,231.30
P13902,230.60
Q06836,230.50
P38836,230.00
P38799,229.20
Q01896,228.00
P53171,227.70
P27809,226.50
P28320,226.50
P32490,225.80
P53854,224.60
Q06815,224.00
P29465,223.00
P27705,222.80
P25046,221.70
O75012,221.50
Q12161,221.50
Q03559,221.40
Q3E747,221.30
P16965,221.20
P31755,220.70
Q03649,219.60
Q06144,219.30
Q08949,218.90
P38856,218.10
Q8J0M4,217.70
Q12513,217.00
P21339,216.80
Q3E793,216.60
P32336,214.50
P40050,214.40
P38631,214.40
P38994,213.30
P53551,212.60
P36085,212.40
Q04839,212.10
P13134,210.90
P40033,210.80
P46943,209.50
P38904,209.20
P53174,209.20
P50087,207.80
Q08967,207.10
P25454,205.70
P18634,204.00
P80667,203.80
P21192,203.40
P47072,203.20
Q12192,203.10
Q12393,200.10
Q06580,199.70
P22470,199.20
P32465,198.20
P34219,197.70
P87108,197.10
P40522,196.00
P03872,195.80
P46367,195.70
P14682,195.50
P47007,194.60
Q12259,193.10
P53301,192.40
P38331,192.10
Q08492,189.80
Q07655,189.20
P40460,188.60
P53189,188.50
P38691,187.90
P53733,187.90
P53334,187.30
Q02521,186.90
P36533,186.90
P00424,185.80
P32798,185.40
Q07454,184.80
P27810,184.70
P41696,184.50
P38301,184.20
P32389,182.10
Q03081,181.80
P40078,181.30
P32917,181.30
P07249,181.00
P23500,180.80
P38086,180.30
Q08932,178.80
P38297,178.70
P19880,178.60
P40059,178.50
Q08923,177.90
P05759,177.80
P21957,177.50
P39016,176.80
P32623,175.50
Q06349,174.40
Q07800,173.10
Q08760,172.30
P38749,172.10
P20840,171.90
P07270,171.70
P43574,170.30
P48813,170.20
P13587,170.20
P38345,169.80
P13433,169.40
P53899,168.70
P22133,168.00
P32900,168.00
P26364,167.80
P36169,167.30
Q03655,166.90
P32486,166.50
P23900,166.30
P40480,165.00
P38987,164.30
P36002,163.50
P53045,163.30
Q12442,161.40
Q03036,160.40
Q12263,159.40
P38843,159.40
P32047,159.30
P10614,158.70
Q08004,158.60
P32432,158.60
P38841,158.50
P81451,157.60
P53388,156.70
P26448,156.20
P53752,155.80
P38068,155.20
Q03446,154.70
Q03772,154.60
P43634,154.40
P53857,154.00
P39106,153.40
P37299,153.30
P36152,153.10
P07255,153.10
P07248,152.80
Q06681,152.80
P40546,151.90
P38180,151.60
P46974,151.60
Q03233,150.70
P38236,149.80
P53065,148.70
P39535,148.40
P35056,148.20
P42223,148.10
O43137,147.30
P53939,146.40
P53721,145.30
Q12438,145.10
Q8TGU7,144.80
P38200,144.70
P38202,144.50
P39548,144.40
Q03419,144.10
P38993,143.90
P0C2J0,143.20
P53970,142.50
P33306,141.90
P38814,140.10
Q06070,138.70
P54070,138.60
P23059,138.60
P36078,137.50
P32799,136.90
P42944,136.80
Q04951,135.10
Q03697,134.40
Q12436,134.10
P38131,134.10
P0CE41,134.00
P40523,133.00
O13547,132.70
P29056,130.30
P38881,130.00
P48564,129.50
P40476,129.00
P32353,128.90
P35193,128.80
P48581,128.20
Q12043,127.90
P25370,127.30
P54781,126.70
Q12013,126.50
P38248,124.80
P53955,124.40
Q12082,123.70
P40578,122.10
P08432,121.90
Q04007,121.90
Q07986,121.80
Q06810,120.80
Q3E7A4,120.40
P19807,120.00
P23250,119.30
Q06651,119.10
Q04925,117.60
P39551,117.10
Q07824,115.60
Q03785,113.20
P33749,113.00
Q12355,112.20
P38239,112.10
P38778,110.40
P38806,110.00
P53285,108.80
P38723,107.50
Q08157,107.20
P40463,106.90
P14737,104.60
P38928,102.50
Q04922,102.50
P38196,101.80
P38132,100.40
P38330,100.10
P36070,99.60
P40309,97.10
Q2V2P7,97.10
Q03778,96.90
P25043,96.80
P06775,95.90
P32901,94.60
P36064,94.00
Q08108,93.10
P23776,92.80
P39547,92.50
P53322,92.40
P25379,90.60
P53397,89.00
Q08729,89.00
Q12157,89.00
D6W196,87.90
Q12443,87.30
P53728,87.00
P53616,86.90
P39720,86.60
P14736,86.20
P47001,84.50
P08679,84.10
P0CX22,83.80
Q12374,83.50
P29029,83.40
P32476,83.30
Q07821,83.30
P33296,83.10
P53080,81.80
P04817,81.20
P27895,79.00
P38088-2,77.50
Q03533,76.30
P39004,76.00
P38925,75.20
P40850,74.70
P38823,73.80
O13535,73.20
Q08919,72.50
Q2V2Q1,70.80
P53311,70.20
P23585,67.10
P43633,65.70
P0CX26,64.70
P38967,64.20
P12689,63.40
P47002,62.70
P28240,62.10
Q08693,61.80
P07834,60.60
P25334,59.80
Q12331,59.50
Q12433,59.20
Q05998,59.00
P34233,58.90
Q04006,58.30
P47136,58.20
P34244,58.20
P38865,58.10
P32338,56.90
Q12359,56.30
P25649,56.10
Q12045,56.10
P40020,55.90
P53262,54.00
P23285,53.90
P17064,53.30
P41913,52.70
P38084,51.40
P53230,50.20
Q03020,48.80
Q12158,47.40
Q01926,46.90
P06174,45.30
Q12056,44.70
P14180,44.40
P33400,42.80
Q07442,42.80
P06783,41.60
P35179,40.40
Q06177,40.10
P25583,39.70
P40917,39.00
P39520,38.80
Q08422,37.90
P53925,36.90
P38634,36.50
Q04964,36.00
P54784,34.30
P50276,34.20
Q06324,33.70
P47090,33.70
Q12182,33.70
P36135,33.60
P00729,33.50
P53083,32.10
P21268,32.10
P33301,31.00
P24869,31.00
P40472,30.90
P28319,30.60
Q06648,30.10
P25042,29.60
P53615,28.00
P17123,27.90
P36110,27.30
P08153,26.80
P42835,25.40
Q3E7A3,25.00
P38293,24.60
Q05785,23.20
P38285,23.10
P30605,22.10
Q04005,20.60
P0CY09,15.50
P38339,14.60
P53265,14.30
P01149,13.90
Q01589,13.10
Q03178,12.10
P53830,12.00
Q03957,11.60
P00128,10.40
Q12127,10.00
Q04372,8.20