conc,D/A
7.91616,0.318865
8.39325,0.317602
8.46506,0.303024
8.5133,0.324571
8.84579,0.377284
8.92171,0.313928
9.06297,0.348979
9.14697,0.306429
10.2956,0.319836
10.4751,0.332012
10.7232,0.306594
10.864,0.341957
11.0088,0.305901
11.1018,0.325542
11.1637,0.305879
11.1753,0.309332
11.5233,0.326277
12.0076,0.302408
12.4414,0.319405
12.6881,0.291575
12.8442,0.305205
13.0029,0.337161
13.1499,0.309179
13.1731,0.315644
13.4372,0.31894
13.8309,0.30853
13.9707,0.300364
14.2386,0.321089
14.2393,0.299992
14.364,0.300632
14.368,0.312404
14.429,0.300464
14.6569,0.293425
15.1212,0.300782
15.2773,0.290819
15.4618,0.292698
15.5023,0.334178
15.7965,0.300945
15.8391,0.283196
15.8529,0.297759
15.9811,0.287789
16.1465,0.307496
16.1905,0.322169
16.4012,0.288378
16.4245,0.302295
16.7545,0.329082
16.9044,0.303385
17.1482,0.299631
17.5854,0.325431
17.7738,0.288497
17.8414,0.303296
17.9177,0.297806
17.9619,0.288984
18.0797,0.31098
18.147,0.292946
18.5616,0.302693
18.7075,0.288657
18.7368,0.308629
18.7473,0.300126
18.9127,0.292742
19.0796,0.296242
19.0949,0.31317
19.2271,0.308167
19.2814,0.292072
19.3432,0.278114
19.4827,0.288837
19.5503,0.283969
19.7262,0.298472
19.7549,0.297059
19.8022,0.28157
19.82,0.288412
19.9225,0.298031
19.9678,0.291053
19.9885,0.294918
20.08,0.293098
20.4375,0.281711
20.6823,0.293306
20.9222,0.285278
20.9248,0.288415
20.9579,0.27731
21.1222,0.290322
21.1782,0.28096
21.4901,0.291242
21.6447,0.290352
21.7212,0.294043
21.7255,0.282587
21.7379,0.291221
21.8078,0.293568
21.8344,0.297379
21.9864,0.294197
22.0953,0.281858
22.1128,0.291727
22.1365,0.296288
22.208,0.322828
22.3463,0.28783
22.3473,0.304343
22.3524,0.291426
22.421,0.273861
22.5077,0.290641
22.565,0.28929
22.6297,0.28414
22.6436,0.293684
22.7037,0.298208
22.7311,0.296602
22.8058,0.301327
22.8471,0.2907
22.9401,0.283305
23.1118,0.296291
23.124,0.288181
23.1731,0.288718
23.3855,0.30353
23.386,0.300775
23.4735,0.28189
23.4801,0.28076
23.5118,0.287234
23.5487,0.274985
23.7837,0.295245
23.876,0.289077
23.8987,0.282951
23.9094,0.295785
23.9505,0.294659
23.9652,0.28719
24.0325,0.299741
24.0419,0.323186
24.0543,0.284179
24.1128,0.28115
24.1731,0.292633
24.2835,0.307932
24.3481,0.278951
24.5324,0.27817
24.5805,0.297306
24.6282,0.27326
24.712,0.294351
24.7186,0.281272
24.7212,0.30356
24.7366,0.315924
24.781,0.276522
24.9746,0.291594
24.9947,0.290741
25.1318,0.292222
25.1347,0.292778
25.224,0.288429
25.2517,0.287646
25.2902,0.283088
25.3352,0.289979
25.4058,0.278127
25.4639,0.289125
25.5047,0.289994
25.6031,0.285774
25.6114,0.284094
25.6516,0.287938
25.6566,0.287337
25.7595,0.270031
25.8829,0.276594
25.9144,0.277937
25.9175,0.280192
25.9521,0.305274
26.0911,0.277563
26.1203,0.276071
26.1724,0.284194
26.1741,0.289224
26.1862,0.306046
26.2216,0.281674
26.2459,0.288928
26.2857,0.288512
26.3081,0.281595
26.6333,0.278559
26.6356,0.277493
26.7106,0.283437
26.7974,0.281211
26.9343,0.279027
26.9545,0.276643
26.9996,0.281887
27.0388,0.289572
27.0541,0.283383
27.0549,0.276983
27.066,0.281945
27.0727,0.284037
27.1164,0.278441
27.159,0.278058
27.2116,0.290379
27.2449,0.2823
27.3261,0.27936
27.3967,0.284446
27.4564,0.289808
27.464,0.291121
27.4998,0.274782
27.5092,0.288787
27.5937,0.278843
27.6742,0.272074
27.6817,0.273163
27.7055,0.284856
27.7256,0.281823
27.7256,0.280552
27.7882,0.284447
27.8249,0.279927
27.9686,0.282227
27.9818,0.278227
27.9954,0.282563
28.0501,0.292816
28.1209,0.286488
28.182,0.288538
28.2721,0.286233
28.3057,0.28196
28.353,0.291283
28.5901,0.283386
28.7572,0.278587
28.7728,0.271246
28.8408,0.278323
28.8563,0.28899
28.9321,0.270371
29.0322,0.279318
29.0948,0.292117
29.2225,0.266405
29.2547,0.275839
29.2571,0.283306
29.3703,0.277632
29.382,0.277944
29.4357,0.280155
29.4536,0.279071
29.4716,0.280415
29.4777,0.271389
29.5223,0.274754
29.5892,0.267305
29.6112,0.299086
29.7405,0.272999
29.7409,0.268857
29.7783,0.28665
29.8853,0.274242
29.9942,0.288279
30.0705,0.277395
30.2283,0.279877
30.2489,0.284606
30.2621,0.276911
30.3003,0.287166
30.3574,0.2721
30.46,0.279189
30.5797,0.300489
30.5848,0.283301
30.6154,0.28076
30.6161,0.280059
30.6892,0.282645
30.6954,0.28134
30.7265,0.262844
30.7426,0.276199
30.7928,0.287215
30.8087,0.284896
30.8565,0.279818
30.8819,0.279134
30.8971,0.27155
30.9349,0.276764
30.9389,0.302404
30.9525,0.279202
30.9879,0.277083
31.0252,0.27874
31.1246,0.277075
31.1294,0.284871
31.1433,0.28237
31.2277,0.273415
31.2357,0.28085
31.2619,0.292614
31.3323,0.267558
31.4155,0.269464
31.4949,0.276922
31.7142,0.27635
31.7217,0.279955
31.7269,0.271811
31.831,0.274895
31.9182,0.277332
31.9807,0.278049
32.0026,0.291331
32.048,0.277097
32.1007,0.276183
32.1452,0.285329
32.1846,0.281497
32.2278,0.285403
32.2777,0.273413
32.3002,0.270634
32.3954,0.277089
32.4447,0.277195
32.4514,0.274839
32.5294,0.274338
32.5576,0.280064
32.5949,0.274671
32.7048,0.281801
32.7183,0.278744
32.7749,0.280632
32.8965,0.268601
32.8994,0.27073
32.9675,0.277547
33.1344,0.272254
33.1509,0.264469
33.2259,0.278073
33.2492,0.267526
33.2837,0.273293
33.3406,0.272713
33.4071,0.269466
33.4778,0.280288
33.4823,0.283008
33.5131,0.27948
33.5374,0.288329
33.6165,0.275814
33.6953,0.27529
33.7475,0.28199
33.8169,0.278809
33.9242,0.273691
33.9255,0.273122
33.9425,0.290893
33.9564,0.278766
33.9971,0.281504
34.0834,0.275852
34.1152,0.274881
34.1779,0.278104
34.1882,0.282826
34.205,0.271845
34.2083,0.272363
34.6417,0.294191
34.6542,0.278443
34.6853,0.265992
34.7287,0.269225
34.7772,0.277985
34.7784,0.279925
34.7802,0.278078
34.7933,0.277208
34.9385,0.276729
34.942,0.266046
34.9764,0.276157
34.988,0.285416
34.9965,0.279563
35.0177,0.279322
35.0554,0.279288
35.1276,0.273715
35.2329,0.265817
35.2586,0.273277
35.2623,0.269312
35.268,0.275175
35.3672,0.278389
35.4318,0.272189
35.4509,0.278292
35.4526,0.277777
35.4667,0.2689
35.5109,0.262491
35.6337,0.269407
35.6367,0.276603
35.6943,0.265304
35.8441,0.271084
35.8686,0.275778
35.8961,0.264864
35.9975,0.275164
36.0101,0.272194
36.0881,0.262674
36.1286,0.270354
36.1827,0.283384
36.2211,0.270502
36.2808,0.265638
36.3275,0.274608
36.3882,0.271406
36.3985,0.274341
36.4354,0.264443
36.4473,0.265553
36.6181,0.273523
36.6939,0.273857
36.7151,0.276296
36.7962,0.266376
36.8801,0.267249
36.8887,0.264214
36.9649,0.277894
36.9985,0.261614
37.0429,0.27202
37.0994,0.267204
37.1249,0.274659
37.1622,0.277269
37.1899,0.268587
37.2579,0.278543
37.2874,0.269725
37.3068,0.271767
37.3877,0.280276
37.4367,0.264127
37.5094,0.273958
37.537,0.26818
37.551,0.277435
37.6591,0.269397
37.66,0.257747
37.7448,0.272814
37.8415,0.269021
37.8441,0.280885
37.8775,0.268246
37.9133,0.266797
38.0293,0.274003
38.1744,0.280685
38.2711,0.276359
38.3177,0.275715
38.4161,0.272308
38.4177,0.273684
38.4525,0.277246
38.5374,0.27549
38.5386,0.270503
38.5573,0.274106
38.5938,0.266902
38.7114,0.272341
38.763,0.263747
38.8022,0.271568
38.8685,0.259068
38.9672,0.267932
38.9761,0.270911
38.9795,0.276306
38.9971,0.264565
39.0218,0.269009
39.0683,0.268686
39.1294,0.260756
39.1594,0.280337
39.5066,0.276727
39.5294,0.265846
39.5818,0.268188
39.6235,0.268649
39.6274,0.265784
39.6683,0.276825
39.7159,0.27399
39.7557,0.282598
39.8093,0.264032
39.857,0.274098
39.8953,0.268018
39.9355,0.281048
39.9862,0.273328
40.0734,0.266736
40.0801,0.269196
40.0812,0.265867
40.1164,0.271547
40.1185,0.265986
40.1719,0.265643
40.3733,0.281691
40.4818,0.273664
40.5062,0.261262
40.5531,0.274787
40.6551,0.276529
40.771,0.276389
40.7777,0.266404
40.8319,0.273204
40.8872,0.271707
40.8896,0.274725
40.9523,0.269156
40.9738,0.27073
40.9884,0.271341
41.0437,0.270881
41.0554,0.268627
41.0571,0.263284
41.1128,0.273473
41.1275,0.275629
41.1601,0.27509
41.1678,0.26487
41.225,0.269083
41.2924,0.271845
41.372,0.274101
41.3733,0.264195
41.3813,0.258347
41.4075,0.266805
41.4854,0.264192
41.7624,0.267173
41.8126,0.25839
41.8182,0.273963
41.8363,0.279662
41.8635,0.2668
41.8836,0.272283
41.9295,0.263267
41.9334,0.269435
42.0583,0.275391
42.0778,0.263773
42.0784,0.258717
42.1197,0.263615
42.1767,0.27182
42.3155,0.275806
42.3846,0.275587
42.4308,0.267297
42.449,0.268942
42.4777,0.275182
42.5092,0.264095
42.5229,0.270657
42.5442,0.270486
42.5639,0.272571
42.642,0.26616
42.7441,0.259603
42.751,0.2737
42.7594,0.266297
42.7724,0.264266
42.7907,0.259946
42.8144,0.270025
42.8386,0.263905
42.8498,0.263593
42.857,0.260666
42.8722,0.267491
42.8739,0.276092
42.8743,0.272165
42.9436,0.266684
42.9484,0.278277
42.9931,0.265835
43.0375,0.272779
43.0577,0.273534
43.0621,0.271709
43.1068,0.263168
43.1097,0.279057
43.1842,0.277575
43.2093,0.269052
43.2901,0.281078
43.3541,0.275448
43.3598,0.269424
43.3786,0.263641
43.4108,0.27709
43.4321,0.268323
43.4701,0.260931
43.5386,0.271234
43.5522,0.272434
43.5678,0.257329
43.6328,0.262992
43.6379,0.274312
43.6457,0.270096
43.8467,0.277996
43.9874,0.270398
44.0456,0.259276
44.1936,0.272731
44.2321,0.278673
44.2426,0.265996
44.3569,0.274965
44.3933,0.265302
44.3998,0.273271
44.4047,0.27001
44.4295,0.26064
44.4594,0.267554
44.5021,0.258213
44.5887,0.271329
44.5935,0.261929
44.7479,0.266713
44.7783,0.271714
44.8175,0.259014
44.9248,0.266164
44.9557,0.257034
44.966,0.253685
44.9694,0.260418
45.0493,0.268631
45.156,0.271861
45.1613,0.261266
45.2357,0.275321
45.2985,0.273137
45.3097,0.262413
45.4507,0.264353
45.4668,0.265756
45.5828,0.270468
45.6834,0.282036
45.7052,0.271188
45.7191,0.266646
45.7258,0.267505
45.765,0.264844
45.7728,0.271122
45.9304,0.260201
45.9355,0.255757
45.9387,0.271304
45.954,0.261746
45.979,0.258003
45.9963,0.268036
46.0822,0.264715
46.1143,0.254331
46.1461,0.266672
46.1513,0.271263
46.214,0.262902
46.2996,0.259297
46.3181,0.265597
46.3999,0.271936
46.5141,0.264908
46.6353,0.272557
46.6722,0.265294
46.7402,0.25527
46.8013,0.261016
46.8144,0.26186
46.8686,0.272488
46.8836,0.262674
46.9801,0.265218
46.9832,0.264237
47.1325,0.262447
47.1487,0.263194
47.354,0.265001
47.3543,0.269757
47.3781,0.262614
47.3796,0.269193
47.4205,0.275851
47.5029,0.259976
47.505,0.263361
47.5083,0.255838
47.5364,0.270797
47.5777,0.264349
47.5981,0.259637
47.6356,0.265725
47.6842,0.271536
47.8386,0.273775
47.842,0.258427
47.9194,0.267279
47.9734,0.26222
47.9879,0.255542
48.0277,0.265131
48.2192,0.266877
48.2209,0.266721
48.2557,0.264633
48.2728,0.254457
48.3791,0.266125
48.3831,0.260757
48.3962,0.254195
48.4626,0.256291
48.4988,0.245456
48.562,0.254343
48.5691,0.270592
48.591,0.262109
48.6486,0.263766
48.7071,0.257403
48.9012,0.256451
48.9179,0.26364
48.9795,0.261408
49.0012,0.266517
49.0387,0.269474
49.0826,0.269814
49.0985,0.268315
49.1091,0.265772
49.1643,0.269494
49.2712,0.26249
49.3128,0.270151
49.3215,0.270296
49.3397,0.261104
49.3785,0.264512
49.4476,0.25947
49.6332,0.264817
49.7048,0.266532
49.751,0.263207
49.8078,0.258319
49.8628,0.270389
49.8687,0.262145
49.8846,0.267102
49.9065,0.269568
49.9302,0.259426
49.9483,0.26582
49.9918,0.268672
50.0673,0.257369
50.0929,0.270558
50.1093,0.270752
50.1095,0.271943
50.1232,0.253514
50.2104,0.259873
50.2705,0.259598
50.2735,0.26678
50.285,0.260875
50.2857,0.260123
50.4157,0.265753
50.4237,0.259391
50.5625,0.271418
50.5914,0.2678
50.5914,0.276684
50.6126,0.265724
50.7681,0.267506
50.801,0.252109
50.8558,0.267682
50.8594,0.259309
50.868,0.264634
50.8713,0.25302
50.9859,0.263854
51.0068,0.270104
51.0506,0.254355
51.1074,0.260992
51.1731,0.260865
51.294,0.258043
51.3096,0.260757
51.3266,0.267125
51.3392,0.256729
51.3544,0.264111
51.3731,0.254919
51.5112,0.25263
51.5595,0.258814
51.5954,0.258917
51.609,0.257036
51.6097,0.270213
51.6351,0.25488
51.6861,0.265745
51.7112,0.260602
51.734,0.256032
51.8828,0.266608
51.9968,0.261169
52.0072,0.264616
52.0259,0.262501
52.0941,0.25322
52.1019,0.259362
52.2049,0.256177
52.2204,0.25758
52.2369,0.265055
52.2522,0.265774
52.3426,0.26079
52.3711,0.262513
52.3728,0.256739
52.3981,0.252514
52.4569,0.253852
52.4875,0.257649
52.563,0.266172
52.5909,0.265016
52.6846,0.263352
52.6978,0.266877
52.8122,0.258295
52.8479,0.256261
52.9377,0.259328
52.9478,0.257645
52.9605,0.266331
52.9795,0.266849
52.9929,0.258049
53.1065,0.265381
53.1426,0.269094
53.1915,0.267551
53.2629,0.258026
53.2972,0.274419
53.3662,0.256592
53.4749,0.264543
53.5745,0.270817
53.6011,0.26088
53.6114,0.258053
53.677,0.26207
53.7669,0.260824
53.8513,0.257615
53.8551,0.25849
53.9443,0.263393
53.9589,0.267019
53.9725,0.262533
54.0661,0.250652
54.1524,0.261257
54.1624,0.259997
54.2522,0.268939
54.2648,0.256106
54.5211,0.263243
54.5537,0.266238
54.5763,0.260475
54.6243,0.272325
54.6803,0.258716
54.8495,0.271473
54.8665,0.262575
54.8837,0.261701
54.9048,0.266367
54.974,0.26338
54.993,0.266734
54.9939,0.268708
55.1378,0.257284
55.1734,0.265655
55.2106,0.260873
55.2274,0.26186
55.2708,0.267636
55.2844,0.26328
55.3412,0.264979
55.3619,0.265893
55.3708,0.263072
55.378,0.258623
55.3959,0.255239
55.4956,0.258171
55.5254,0.263432
55.538,0.257812
55.5838,0.270047
55.6094,0.262798
55.6192,0.259845
55.6262,0.263168
55.6491,0.256947
55.6545,0.259804
55.6788,0.264643
55.6802,0.263457
55.709,0.268979
55.7916,0.263372
55.8287,0.265983
55.8598,0.256816
55.9046,0.252495
56.0314,0.241396
56.0805,0.254845
56.1637,0.256732
56.2017,0.26811
56.2319,0.258544
56.239,0.266353
56.2641,0.257854
56.3119,0.261117
56.3187,0.260579
56.4277,0.261187
56.4613,0.256416
56.549,0.265066
56.6826,0.260964
56.7004,0.260164
56.7406,0.260533
56.7608,0.272817
56.8374,0.263515
56.8892,0.249468
56.9038,0.264966
56.9313,0.254498
56.9604,0.265221
56.9908,0.256334
57.053,0.275253
57.0764,0.265433
57.2,0.242917
57.2471,0.255299
57.3144,0.258871
57.3147,0.269109
57.3365,0.269242
57.3497,0.253074
57.5315,0.265203
57.5361,0.267775
57.5454,0.256121
57.6117,0.244796
57.6301,0.257459
57.6429,0.263457
57.677,0.255284
57.723,0.254932
57.7311,0.258804
57.7548,0.257001
57.7706,0.264038
57.869,0.255023
57.8813,0.25426
57.9991,0.263816
58.0398,0.26402
58.0874,0.258988
58.1965,0.26187
58.215,0.260865
58.2223,0.267779
58.2725,0.259633
58.2903,0.248148
58.2968,0.264671
58.345,0.25824
58.3512,0.259266
58.4149,0.266104
58.4365,0.261271
58.4552,0.267655
58.4675,0.261294
58.4676,0.250926
58.5097,0.247062
58.5112,0.258053
58.5157,0.265678
58.5244,0.266082
58.5454,0.26808
58.589,0.258561
58.5915,0.26367
58.6022,0.261974
58.6693,0.257023
58.7227,0.259195
58.7864,0.261296
58.8099,0.260697
59.019,0.258413
59.0318,0.26137
59.1764,0.265171
59.2303,0.257282
59.2335,0.236707
59.2348,0.258636
59.2487,0.265655
59.257,0.262346
59.2692,0.257524
59.3299,0.255324
59.3319,0.271509
59.4237,0.264886
59.5043,0.260824
59.5178,0.26153
59.5382,0.255536
59.5593,0.251271
59.5814,0.254629
59.5979,0.250972
59.6316,0.252731
59.641,0.259421
59.6734,0.254704
59.7043,0.254702
59.7059,0.257827
59.7247,0.261048
59.7557,0.256009
59.7928,0.239458
59.8696,0.268651
59.911,0.2544
59.9132,0.262591
59.9475,0.261899
59.9636,0.251748
60.2194,0.251058
60.2512,0.25151
60.2713,0.255137
60.314,0.259634
60.3961,0.262011
60.4707,0.261573
60.4758,0.270825
60.4933,0.268913
60.5438,0.263653
60.6801,0.250441
60.6973,0.243784
60.7065,0.262152
60.7341,0.245346
60.7927,0.24987
60.8646,0.254538
60.9145,0.273226
60.962,0.262055
60.9874,0.266518
60.9898,0.259016
61.0038,0.262018
61.0399,0.265599
61.0474,0.270095
61.0636,0.259394
61.0906,0.261761
61.1223,0.255721
61.2686,0.279189
61.2941,0.26262
61.31,0.24887
61.3153,0.258542
61.335,0.265897
61.3466,0.255576
61.4267,0.254829
61.4284,0.254141
61.4486,0.260244
61.482,0.26045
61.4834,0.258788
61.5234,0.256584
61.5246,0.263336
61.6391,0.251631
61.6964,0.257221
61.7158,0.262963
61.8653,0.262913
61.9247,0.253007
61.9909,0.265489
62.0291,0.255517
62.0563,0.260653
62.0588,0.249282
62.0908,0.257832
62.0923,0.256982
62.0928,0.262101
62.1145,0.261878
62.1499,0.260908
62.158,0.258257
62.2857,0.260091
62.3204,0.248989
62.3883,0.275358
62.4041,0.256686
62.4587,0.266077
62.5555,0.257298
62.5673,0.260749
62.6777,0.251513
62.7017,0.262135
62.7587,0.25885
62.816,0.245875
62.8532,0.265498
62.8534,0.257779
62.8549,0.249383
62.8601,0.254497
63.0009,0.269124
63.0121,0.252226
63.0293,0.260232
63.1208,0.266684
63.1218,0.273195
63.1451,0.255879
63.1632,0.256402
63.1747,0.263012
63.212,0.261533
63.2207,0.2635
63.2574,0.2564
63.2931,0.246888
63.3243,0.251531
63.3458,0.255364
63.3797,0.261204
63.3804,0.258675
63.4018,0.262325
63.4231,0.237664
63.4233,0.260109
63.5397,0.246466
63.6127,0.236824
63.6421,0.260162
63.7,0.252502
63.7724,0.250716
63.7951,0.267289
63.7979,0.245899
63.9313,0.25549
63.9689,0.260553
63.9693,0.26018
64.1001,0.244392
64.1123,0.25706
64.1242,0.257675
64.2722,0.260982
64.301,0.257603
64.3354,0.247163
64.3885,0.25173
64.3998,0.260881
64.4169,0.250068
64.5127,0.249435
64.5244,0.2581
64.7391,0.250766
64.7506,0.25519
64.7518,0.240266
65.0228,0.238858
65.0576,0.245518
65.1096,0.259401
65.1884,0.268776
65.2225,0.244399
65.2621,0.265983
65.2783,0.247856
65.2864,0.248136
65.3392,0.257762
65.3816,0.252662
65.4009,0.255722
65.5128,0.254461
65.5601,0.259344
65.6096,0.259875
65.6253,0.258729
65.6254,0.260029
65.6693,0.257109
65.7157,0.255862
65.7665,0.247105
66.0106,0.255032
66.0323,0.242806
66.0653,0.249831
66.0774,0.254431
66.0796,0.243842
66.0994,0.251788
66.1115,0.25074
66.1349,0.253824
66.2219,0.261818
66.2605,0.270085
66.2851,0.250522
66.2852,0.255419
66.2957,0.244742
66.308,0.26149
66.361,0.249652
66.3759,0.258818
66.4099,0.258173
66.5132,0.25338
66.5302,0.25686
66.5478,0.261073
66.6282,0.260934
66.6836,0.265158
66.7089,0.244057
66.7267,0.254431
66.7409,0.259294
66.7567,0.250443
66.7782,0.253311
66.8299,0.254868
66.8443,0.255359
66.8676,0.258702
66.8692,0.25592
66.943,0.265483
66.9633,0.241577
66.9722,0.24697
66.9723,0.249416
66.988,0.25489
67.008,0.251303
67.0135,0.256251
67.1103,0.25215
67.1477,0.259242
67.3658,0.244586
67.437,0.259238
67.4564,0.25193
67.4686,0.25858
67.4783,0.25685
67.5166,0.260249
67.5406,0.258268
67.7068,0.245305
67.7332,0.248986
67.7576,0.264859
67.7811,0.261291
67.9094,0.258857
67.9834,0.26964
68.0623,0.259496
68.0845,0.259895
68.1238,0.252741
68.153,0.247616
68.1581,0.253876
68.215,0.259195
68.2603,0.254874
68.2873,0.248996
68.391,0.270314
68.4273,0.258963
68.4405,0.267243
68.4461,0.264967
68.4489,0.256293
68.5046,0.251006
68.5052,0.248091
68.5819,0.246734
68.6321,0.246084
68.6517,0.249937
68.7054,0.239115
68.7092,0.263083
68.7547,0.251503
68.8063,0.253949
68.8186,0.242925
68.8581,0.260114
68.892,0.260969
68.8943,0.245953
68.9339,0.259597
69.0086,0.264196
69.0357,0.270506
69.0931,0.260203
69.1148,0.261395
69.1421,0.244628
69.1665,0.254384
69.2421,0.2581
69.2441,0.257103
69.2895,0.260625
69.2942,0.253566
69.3027,0.239755
69.3196,0.249254
69.4112,0.252697
69.4475,0.246986
69.556,0.250315
69.6042,0.254675
69.715,0.260482
69.9383,0.253488
69.9418,0.264363
70.0504,0.256328
70.0515,0.262463
70.1094,0.247056
70.1137,0.259753
70.1421,0.251223
70.2292,0.256437
70.3092,0.246386
70.3463,0.261314
70.357,0.258471
70.4046,0.250499
70.4613,0.258828
70.557,0.273616
70.6216,0.251948
70.6885,0.250865
70.7028,0.256411
70.7338,0.245227
70.7599,0.25518
70.7784,0.250376
70.8927,0.248671
70.9546,0.246294
70.9853,0.248247
70.9905,0.247413
71.0365,0.258449
71.0575,0.26095
71.0785,0.259435
71.0814,0.25945
71.0857,0.263829
71.1175,0.254577
71.1442,0.26356
71.1588,0.259681
71.2147,0.239289
71.2825,0.26278
71.3754,0.256717
71.4517,0.256598
71.4708,0.249873
71.5211,0.257086
71.5684,0.25497
71.7024,0.260223
71.7306,0.24853
71.7503,0.256653
71.7859,0.257159
71.798,0.252372
71.853,0.244687
71.8752,0.248754
71.963,0.257341
71.998,0.258167
72.0029,0.256025
72.0418,0.256546
72.0458,0.242911
72.0468,0.25459
72.0967,0.251694
72.1059,0.261516
72.1275,0.241793
72.1385,0.258914
72.2174,0.238
72.2587,0.262501
72.2712,0.260561
72.2829,0.25487
72.3349,0.267548
72.3953,0.260026
72.4137,0.24511
72.4434,0.25643
72.4928,0.244088
72.5964,0.250118
72.6416,0.255956
72.6505,0.252166
72.6739,0.260494
72.696,0.261798
72.7108,0.258558
72.8608,0.251503
72.9482,0.24913
72.9958,0.246899
73.0502,0.261293
73.0952,0.256583
73.1211,0.247506
73.1255,0.255995
73.1709,0.264105
73.2308,0.25282
73.3307,0.257909
73.3617,0.249258
73.398,0.262466
73.4967,0.246402
73.5107,0.249367
73.5188,0.250952
73.549,0.266153
73.7224,0.255192
73.8367,0.253552
74.0138,0.244053
74.0488,0.26716
74.057,0.245093
74.1114,0.255161
74.1479,0.240232
74.1636,0.238016
74.1868,0.261745
74.2995,0.26188
74.3072,0.25746
74.3749,0.242811
74.4872,0.251014
74.5618,0.251957
74.562,0.259782
74.5815,0.254717
74.6365,0.259553
74.6431,0.249917
74.6621,0.258517
74.7962,0.260186
74.8281,0.257552
74.85,0.24119
74.8853,0.25397
74.9975,0.26231
75.0409,0.252502
75.107,0.242351
75.1176,0.256549
75.1848,0.261699
75.1898,0.260762
75.211,0.245809
75.3216,0.256733
75.3315,0.252635
75.3394,0.24343
75.4178,0.26002
75.4856,0.243194
75.5861,0.248722
75.5973,0.239857
75.788,0.259063
75.821,0.259625
75.8639,0.253908
75.9187,0.251008
75.9521,0.247129
75.9964,0.259088
76.0485,0.259876
76.1369,0.266625
76.1564,0.256162
76.3032,0.237304
76.3181,0.258662
76.4797,0.253884
76.5279,0.259795
76.5708,0.250126
76.6012,0.237785
76.6786,0.252695
76.7664,0.239199
76.8108,0.236544
76.8192,0.259756
76.832,0.256248
76.8594,0.264532
76.8673,0.245511
76.8744,0.24557
76.9485,0.262112
76.9758,0.261196
77.0686,0.254494
77.0733,0.260727
77.0939,0.264604
77.1173,0.254483
77.12,0.260796
77.1367,0.259224
77.1548,0.254645
77.1955,0.257808
77.2247,0.242578
77.2499,0.247885
77.2938,0.251882
77.3933,0.242695
77.4045,0.253799
77.4245,0.251507
77.4512,0.262935
77.5123,0.254298
77.537,0.245664
77.5427,0.25258
77.5658,0.250495
77.5946,0.242501
77.6436,0.247749
77.6569,0.247357
77.7046,0.261803
77.7115,0.240472
77.7146,0.244118
77.7937,0.26164
77.81,0.251958
77.911,0.25604
77.947,0.26033
77.9698,0.263295
78.1102,0.2526
78.2886,0.243735
78.3593,0.262129
78.3877,0.258329
78.4556,0.256258
78.4686,0.257645
78.5429,0.243936
78.5846,0.239917
78.5874,0.262182
78.5938,0.26935
78.6569,0.248421
78.7764,0.254076
78.8408,0.246526
78.8425,0.259883
78.9107,0.249401
78.963,0.250653
78.9883,0.252339
79.0605,0.255623
79.0921,0.256072
79.1141,0.254069
79.1364,0.262866
79.1592,0.255298
79.1906,0.25508
79.2253,0.253614
79.2472,0.255161
79.2988,0.243292
79.3267,0.245077
79.3536,0.2638
79.3874,0.255732
79.4883,0.247292
79.6717,0.246899
79.7003,0.255488
79.7165,0.258561
79.748,0.253913
79.7544,0.254701
79.7671,0.248907
79.7894,0.240865
79.9264,0.245744
79.9498,0.247136
79.9647,0.239752
80.193,0.253372
80.2022,0.259065
80.2053,0.265668
80.236,0.262531
80.2513,0.249313
80.3172,0.248193
80.3354,0.262281
80.3777,0.242932
80.4034,0.262761
80.456,0.251291
80.627,0.248152
80.6627,0.263223
80.7463,0.247391
80.8122,0.271482
80.8148,0.247577
80.8579,0.264021
80.8975,0.236229
81.0123,0.248166
81.0339,0.266831
81.0384,0.250914
81.0443,0.256632
81.092,0.245383
81.12,0.241852
81.1301,0.262296
81.1575,0.249993
81.2486,0.254006
81.2583,0.25211
81.2586,0.248979
81.329,0.250516
81.3417,0.267148
81.3787,0.258471
81.4039,0.242746
81.4533,0.247058
81.474,0.255686
81.479,0.250055
81.5206,0.260358
81.6335,0.244707
81.6873,0.249232
81.6895,0.23948
81.7194,0.253632
81.8628,0.248018
81.9109,0.254724
81.963,0.252615
81.9731,0.249334
81.9741,0.265993
81.9949,0.232758
82.0283,0.257285
82.0312,0.237384
82.0668,0.237831
82.0746,0.248994
82.1072,0.249795
82.129,0.255941
82.2224,0.25471
82.2282,0.249105
82.283,0.252686
82.3011,0.248904
82.3805,0.252443
82.4063,0.254455
82.422,0.249088
82.4742,0.249051
82.4914,0.251703
82.5262,0.257148
82.5839,0.250696
82.5963,0.257721
82.6496,0.259726
82.7424,0.253111
82.7582,0.247729
82.7725,0.247742
82.8035,0.253343
82.8224,0.234289
82.8259,0.243796
82.8357,0.262527
82.8972,0.247525
82.91,0.252937
83.0251,0.243155
83.0581,0.245663
83.1737,0.246032
83.1783,0.242968
83.1819,0.238588
83.1886,0.25545
83.2684,0.238703
83.3369,0.251406
83.383,0.249213
83.4173,0.24463
83.4233,0.24009
83.4979,0.254969
83.6324,0.262108
83.6598,0.249117
83.7478,0.240242
83.7665,0.255942
83.7888,0.250327
83.8087,0.24533
83.8409,0.225098
83.8612,0.246797
83.9043,0.251082
83.9177,0.263512
83.9568,0.243802
83.9641,0.255314
84.0929,0.251681
84.1815,0.239421
84.2042,0.263959
84.2353,0.247085
84.2804,0.252882
84.2877,0.255573
84.2958,0.260814
84.3662,0.241495
84.369,0.243148
84.4004,0.238339
84.4031,0.242824
84.4225,0.251889
84.5889,0.251936
84.6549,0.249296
84.8246,0.24742
84.8294,0.241937
84.888,0.234165
85.0517,0.250205
85.0923,0.252903
85.1032,0.248473
85.1419,0.255447
85.1826,0.257264
85.2181,0.26167
85.2852,0.251158
85.3213,0.257014
85.3381,0.256058
85.4095,0.248371
85.4566,0.251238
85.4628,0.25624
85.4873,0.269163
85.4981,0.239102
85.5218,0.260104
85.695,0.233949
85.7184,0.261486
85.7246,0.242356
85.8323,0.25805
85.8389,0.259507
85.8429,0.247592
85.8765,0.228788
85.9485,0.262224
86.103,0.248287
86.1514,0.248239
86.1981,0.259222
86.1997,0.254505
86.2441,0.254715
86.2722,0.241019
86.4765,0.257791
86.4851,0.241475
86.6713,0.250962
86.7051,0.237435
86.748,0.258175
86.8024,0.264143
86.8093,0.252371
86.9521,0.234035
86.9563,0.254338
87.1236,0.244353
87.2173,0.247288
87.2546,0.249298
87.2623,0.253217
87.2906,0.247687
87.3421,0.24976
87.4025,0.235036
87.4201,0.260357
87.4279,0.240584
87.4414,0.252001
87.4467,0.258143
87.4819,0.244008
87.4854,0.250091
87.5153,0.244328
87.523,0.252786
87.6482,0.251274
87.6943,0.266702
87.7192,0.245228
87.7795,0.235931
87.8142,0.250212
87.8248,0.25306
87.8856,0.239929
88.0374,0.261059
88.11,0.24801
88.1215,0.241859
88.1259,0.263382
88.1262,0.243127
88.1524,0.246008
88.2143,0.243837
88.2384,0.257893
88.29,0.243714
88.4114,0.243355
88.5892,0.234197
88.6458,0.247364
88.7408,0.250395
88.7567,0.255378
88.7894,0.24561
88.8222,0.244037
88.9169,0.250231
88.9447,0.251938
88.9791,0.247467
88.9844,0.248893
88.9851,0.248811
89.0017,0.243402
89.0787,0.242177
89.0948,0.267163
89.1661,0.237057
89.2003,0.247506
89.2085,0.237275
89.2528,0.228698
89.4108,0.241906
89.4172,0.246115
89.5448,0.249377
89.5676,0.247626
89.5786,0.255568
89.5985,0.258159
89.7066,0.235905
89.7238,0.246265
89.7448,0.243967
89.7475,0.256874
89.752,0.243592
89.8851,0.259213
89.9555,0.247566
89.9792,0.247229
90.0522,0.240294
90.0532,0.235919
90.0751,0.260433
90.0814,0.241058
90.082,0.264639
90.1059,0.254936
90.1072,0.246144
90.1882,0.245887
90.2461,0.252782
90.2841,0.247062
90.3117,0.244907
90.4674,0.261154
90.473,0.257279
90.5594,0.250583
90.6126,0.248584
90.6264,0.234353
90.6947,0.235136
90.7039,0.248023
90.7885,0.245654
90.84,0.248074
90.9248,0.233213
90.928,0.229294
90.9579,0.244733
91.0129,0.224349
91.0278,0.236996
91.0794,0.241456
91.1568,0.242023
91.1628,0.253697
91.2107,0.252866
91.252,0.253847
91.2649,0.247675
91.3172,0.253473
91.4144,0.251099
91.4234,0.25022
91.5009,0.239247
91.5121,0.239275
91.5291,0.235062
91.6528,0.244752
91.6749,0.255017
91.7448,0.254569
91.7777,0.24297
91.7935,0.228397
91.8212,0.261499
91.8554,0.254644
91.8984,0.250013
91.9518,0.244111
91.9766,0.267765
92.0951,0.238031
92.0984,0.249061
92.1519,0.264691
92.1625,0.239244
92.1677,0.246062
92.2777,0.25256
92.2858,0.246552
92.3006,0.248115
92.364,0.235217
92.3653,0.234207
92.4564,0.234277
92.5278,0.259543
92.5355,0.224843
92.6987,0.25654
92.7193,0.243539
92.7328,0.254784
92.8818,0.260671
92.9306,0.25304
93.0337,0.24853
93.0769,0.246608
93.0934,0.25012
93.0996,0.243394
93.1279,0.265386
93.1729,0.257638
93.2221,0.242023
93.2618,0.247467
93.2751,0.245487
93.3372,0.24564
93.3999,0.233845
93.4756,0.23512
93.5328,0.257383
93.5719,0.238344
93.6118,0.257079
93.6133,0.228579
93.6388,0.255829
93.6391,0.253415
93.6401,0.244843
93.6491,0.248813
93.7303,0.24861
93.7341,0.23912
93.8682,0.222679
94.0014,0.237351
94.0028,0.248346
94.0053,0.249498
94.0191,0.253634
94.0763,0.22244
94.1032,0.248526
94.1134,0.242632
94.1152,0.236233
94.135,0.246121
94.2037,0.255583
94.2122,0.253996
94.271,0.244109
94.3626,0.241304
94.401,0.23889
94.4444,0.25413
94.5819,0.261608
94.6033,0.248443
94.622,0.250147
94.6635,0.252728
94.6727,0.249827
94.708,0.242828
94.7365,0.254418
94.7407,0.241478
94.7679,0.253621
94.7814,0.241284
94.7933,0.257367
94.8573,0.259508
94.873,0.241021
94.9155,0.244201
94.9218,0.248644
94.9544,0.254163
94.9786,0.234071
94.9808,0.262846
95.0083,0.240637
95.0136,0.251697
95.0418,0.249967
95.0514,0.242459
95.1895,0.235602
95.2108,0.227347
95.2685,0.25847
95.3551,0.248239
95.3755,0.247184
95.4502,0.242634
95.4812,0.261779
95.5117,0.22817
95.5804,0.237047
95.6183,0.255363
95.644,0.253743
95.6659,0.239915
95.7233,0.266143
95.7574,0.240008
95.7873,0.249164
95.8116,0.246552
95.8652,0.245182
96.0241,0.249804
96.0837,0.223855
96.0854,0.244441
96.1185,0.275614
96.2096,0.249524
96.2401,0.244376
96.2667,0.232443
96.2723,0.21623
96.2784,0.250905
96.3053,0.253996
96.3082,0.252925
96.3537,0.249536
96.391,0.253942
96.461,0.24828
96.475,0.246091
96.4859,0.239619
96.4986,0.242526
96.5424,0.255215
96.5454,0.249642
96.5532,0.241001
96.5641,0.244224
96.5645,0.236552
96.6236,0.249896
96.7283,0.23965
96.7593,0.253734
96.7599,0.246951
96.8017,0.253163
96.8591,0.256284
96.8869,0.25065
96.8975,0.240074
96.9345,0.243882
97.1319,0.242392
97.1545,0.256736
97.2239,0.252388
97.2482,0.230271
97.2883,0.242934
97.2897,0.235038
97.2951,0.244368
97.3081,0.231859
97.4393,0.251542
97.4427,0.2586
97.5424,0.249482
97.5431,0.252634
97.605,0.254211
97.645,0.269005
97.6475,0.231749
97.6536,0.236689
97.6793,0.23856
97.7453,0.241137
97.8018,0.242829
97.8217,0.257545
97.849,0.25851
97.8717,0.254799
97.8818,0.258578
97.8942,0.237495
97.9254,0.240964
97.9561,0.247953
97.9644,0.227972
98.0429,0.230901
98.0916,0.255227
98.114,0.243846
98.1253,0.254021
98.1912,0.22233
98.2249,0.251989
98.2286,0.244836
98.2383,0.242959
98.2604,0.258806
98.3324,0.255031
98.597,0.250537
98.6111,0.246997
98.6185,0.235798
98.6218,0.247285
98.6834,0.255647
98.7041,0.240898
98.7514,0.260406
98.8225,0.241944
98.8286,0.225237
98.9023,0.216918
98.9404,0.247416
98.944,0.248929
98.9702,0.255241
98.9758,0.252675
99.0547,0.24952
99.1709,0.251589
99.2609,0.25574
99.2675,0.25072
99.3282,0.238347
99.4032,0.240873
99.4067,0.252874
99.4306,0.245946
99.5515,0.260743
99.5583,0.239753
99.653,0.256194
99.6639,0.242461
99.6673,0.236551
99.6719,0.24615
99.6954,0.246993
99.7099,0.236991
99.725,0.243607
99.7589,0.250833
99.7947,0.252819
99.796,0.250849
99.9203,0.239809
99.9419,0.233338
99.9654,0.24785
99.9886,0.245409
100.066,0.244436
100.118,0.245975
100.291,0.238285
100.351,0.22256
100.418,0.239741
100.458,0.246541
100.564,0.243175
100.607,0.237546
100.659,0.246771
100.71,0.240281
100.778,0.250226
100.865,0.254171
100.873,0.246026
100.907,0.239587
101.046,0.247858
101.058,0.24084
101.12,0.253547
101.166,0.220625
101.182,0.262542
101.193,0.238377
101.199,0.24245
101.213,0.23263
101.321,0.252775
101.323,0.247735
101.339,0.242372
101.446,0.255284
101.502,0.254547
101.533,0.240284
101.648,0.23377
101.712,0.260658
101.761,0.254432
101.796,0.232627
101.803,0.239668
101.821,0.232304
101.875,0.25003
101.897,0.247852
101.91,0.241389
101.921,0.237847
101.939,0.257805
101.985,0.255565
101.989,0.259856
101.994,0.256881
102.107,0.254266
102.166,0.24937
102.213,0.248757
102.236,0.245277
102.298,0.261638
102.303,0.244202
102.328,0.257271
102.384,0.238053
102.404,0.241908
102.51,0.253136
102.537,0.25345
102.56,0.260124
102.586,0.235337
102.72,0.242757
102.721,0.242784
102.756,0.253975
102.856,0.246776
102.869,0.247718
103.002,0.249866
103.004,0.261954
103.009,0.256062
103.075,0.24967
103.09,0.24509
103.165,0.243421
103.232,0.243536
103.312,0.236523
103.356,0.233223
103.459,0.239459
103.477,0.253861
103.478,0.240313
103.507,0.264291
103.587,0.239475
103.631,0.248457
103.655,0.239028
103.694,0.219003
103.717,0.238206
103.763,0.237983
103.782,0.229575
103.819,0.248858
103.83,0.254515
103.976,0.23134
104.16,0.238784
104.192,0.258121
104.223,0.241426
104.238,0.248271
104.255,0.245637
104.292,0.251741
104.349,0.253445
104.408,0.24732
104.41,0.245354
104.413,0.226301
104.428,0.22942
104.453,0.238242
104.616,0.246461
104.687,0.22911
104.694,0.244847
104.8,0.237627
104.896,0.240224
104.897,0.249868
105.045,0.258845
105.065,0.24595
105.073,0.268804
105.112,0.236228
105.156,0.231791
105.194,0.240988
105.252,0.244811
105.308,0.245383
105.345,0.242164
105.354,0.242433
105.411,0.25923
105.575,0.250136
105.671,0.222819
105.753,0.252135
105.844,0.256295
105.887,0.254867
105.95,0.236167
105.972,0.248113
106.02,0.251651
106.028,0.233457
106.082,0.237495
106.111,0.243399
106.245,0.214158
106.311,0.25314
106.475,0.256212
106.492,0.229752
106.499,0.252104
106.503,0.222541
106.516,0.24393
106.558,0.247252
106.596,0.245926
106.634,0.244408
106.647,0.246725
106.773,0.256716
106.859,0.238441
106.894,0.248218
107.001,0.252926
107.003,0.237679
107.065,0.241843
107.08,0.249861
107.102,0.255993
107.118,0.233977
107.147,0.228988
107.26,0.245605
107.298,0.247568
107.362,0.237877
107.381,0.237699
107.393,0.252255
107.534,0.227971
107.559,0.24775
107.597,0.235426
107.625,0.250887
107.757,0.23593
107.774,0.25144
107.851,0.245353
107.887,0.245657
107.891,0.249914
107.9,0.24867
107.912,0.227055
108.014,0.252655
108.062,0.256598
108.071,0.240465
108.34,0.223311
108.342,0.26223
108.441,0.24754
108.466,0.245712
108.518,0.249144
108.623,0.252696
108.645,0.234885
108.699,0.226631
108.711,0.257172
108.817,0.258769
108.836,0.249113
108.921,0.265216
108.928,0.245139
108.942,0.258789
108.988,0.240547
109.077,0.253943
109.086,0.234884
109.169,0.253242
109.187,0.240147
109.305,0.254293
109.353,0.247444
109.415,0.248262
109.475,0.233836
109.529,0.265603
109.564,0.249556
109.649,0.266342
109.681,0.22727
109.685,0.241164
109.764,0.240794
109.77,0.237741
109.807,0.248442
109.864,0.247933
109.871,0.264176
109.896,0.257533
109.958,0.249319
110.027,0.238075
110.105,0.251519
110.145,0.243377
110.167,0.262086
110.246,0.24675
110.267,0.23893
110.292,0.241229
110.354,0.253253
110.376,0.232863
110.397,0.235579
110.397,0.240627
110.409,0.243449
110.45,0.242502
110.547,0.260259
110.571,0.237309
110.6,0.246688
110.656,0.226736
110.778,0.251887
110.968,0.253674
111,0.231122
111.008,0.226185
111.071,0.253265
111.073,0.236752
111.096,0.23169
111.16,0.257863
111.204,0.217311
111.267,0.227791
111.43,0.246866
111.438,0.22886
111.451,0.242836
111.51,0.250408
111.527,0.243893
111.553,0.238231
111.567,0.249236
111.604,0.247517
111.769,0.243251
111.788,0.256963
111.857,0.260093
111.96,0.253076
112.141,0.245269
112.309,0.241453
112.381,0.240268
112.4,0.246721
112.435,0.253144
112.44,0.236562
112.442,0.233396
112.452,0.225346
112.465,0.229163
112.481,0.249947
112.49,0.241689
112.544,0.245271
112.627,0.269817
112.688,0.236403
112.715,0.230072
112.779,0.240505
112.792,0.254321
112.919,0.250222
112.93,0.239715
112.946,0.238577
112.974,0.245883
112.99,0.24676
113.039,0.224781
113.169,0.228113
113.188,0.234369
113.246,0.254657
113.401,0.24521
113.469,0.254517
113.474,0.234873
113.489,0.24968
113.576,0.245227
113.581,0.254948
113.588,0.205219
113.669,0.230848
113.709,0.243901
113.802,0.248265
113.807,0.26383
113.833,0.26294
113.877,0.236699
113.897,0.254124
113.9,0.252764
114.02,0.246615
114.021,0.244005
114.038,0.246625
114.114,0.232178
114.155,0.245709
114.162,0.253374
114.265,0.245951
114.313,0.214568
114.362,0.248281
114.364,0.237175
114.514,0.251307
114.628,0.243624
114.667,0.249193
114.674,0.228379
114.68,0.241524
114.75,0.239314
114.772,0.252583
114.883,0.264287
114.919,0.249342
115.075,0.2602
115.179,0.236722
115.354,0.258307
115.361,0.248565
115.548,0.23918
115.586,0.256303
115.588,0.227402
115.641,0.223451
115.645,0.245082
115.656,0.252836
115.676,0.239176
115.705,0.226186
115.716,0.244439
115.755,0.246491
115.839,0.233191
115.927,0.231065
115.951,0.246322
115.955,0.248944
115.976,0.240354
116.168,0.237781
116.18,0.240824
116.228,0.227888
116.325,0.242607
116.337,0.24588
116.342,0.24596
116.364,0.235192
116.369,0.25871
116.369,0.235192
116.438,0.253999
116.542,0.253483
116.551,0.227347
116.574,0.254108
116.589,0.243347
116.59,0.256472
116.599,0.253271
116.636,0.24454
116.676,0.217153
116.689,0.235524
116.739,0.245275
116.783,0.242876
116.821,0.243432
116.835,0.231098
116.914,0.249721
116.93,0.276357
117.039,0.239435
117.078,0.234386
117.112,0.24085
117.127,0.250916
117.135,0.228758
117.207,0.239621
117.254,0.233381
117.286,0.237677
117.353,0.238542
117.359,0.245827
117.417,0.249224
117.427,0.25572
117.47,0.235742
117.476,0.23682
117.501,0.240261
117.505,0.243892
117.525,0.225127
117.611,0.23166
117.627,0.252886
117.639,0.237472
117.652,0.238299
117.686,0.246489
117.716,0.240136
117.745,0.253527
117.79,0.238309
117.803,0.248306
117.833,0.246908
118.001,0.244862
118.046,0.241272
118.064,0.275187
118.175,0.242426
118.205,0.239851
118.219,0.23515
118.227,0.235026
118.274,0.225721
118.287,0.258616
118.364,0.242807
118.366,0.255274
118.385,0.252478
118.396,0.228107
118.414,0.247321
118.437,0.246829
118.459,0.243141
118.527,0.243585
118.679,0.227673
118.781,0.240601
118.832,0.24497
118.858,0.231676
118.946,0.237749
119.084,0.254442
119.124,0.220375
119.148,0.251064
119.182,0.230961
119.221,0.248546
119.223,0.239369
119.242,0.247308
119.258,0.226257
119.292,0.253839
119.302,0.233471
119.355,0.23184
119.376,0.246414
119.42,0.257436
119.454,0.232802
119.465,0.243032
119.563,0.254734
119.586,0.243754
119.703,0.223021
119.787,0.251158
119.842,0.252779
119.888,0.235607
119.943,0.237054
120,0.257712
120.097,0.251716
120.129,0.251387
120.259,0.228708
120.3,0.255759
120.32,0.239763
120.397,0.24101
120.479,0.250953
120.612,0.239196
120.781,0.229445
120.799,0.235883
120.807,0.256023
120.82,0.234803
120.856,0.231737
120.882,0.257134
120.931,0.246474
120.976,0.251683
120.992,0.241672
121.09,0.236997
121.097,0.208579
121.129,0.247848
121.188,0.245197
121.281,0.228861
121.297,0.221074
121.315,0.238332
121.338,0.263431
121.35,0.237888
121.354,0.231647
121.382,0.241039
121.418,0.251201
121.54,0.24918
121.58,0.236092
121.602,0.238549
121.618,0.237262
121.619,0.269343
121.653,0.245835
121.655,0.238483
121.682,0.245543
121.698,0.221062
121.709,0.237937
121.733,0.239046
121.777,0.238179
121.816,0.226431
121.845,0.269268
121.881,0.210727
121.899,0.231352
122.035,0.240011
122.185,0.246748
122.239,0.254963
122.251,0.239323
122.275,0.241305
122.293,0.246626
122.315,0.215963
122.351,0.242776
122.464,0.248739
122.591,0.237441
122.727,0.24341
122.762,0.229053
122.765,0.225578
122.791,0.245176
122.833,0.2418
122.884,0.215822
122.912,0.243322
122.985,0.234614
123.011,0.23742
123.143,0.248349
123.275,0.253488
123.31,0.239153
123.327,0.243171
123.333,0.23914
123.353,0.241193
123.356,0.246342
123.435,0.242326
123.534,0.253679
123.653,0.243902
123.655,0.2447
123.707,0.220622
123.722,0.271662
123.789,0.243954
123.854,0.245402
123.937,0.246206
123.957,0.246433
123.977,0.23699
123.979,0.205298
124.041,0.247069
124.055,0.237443
124.179,0.235339
124.256,0.236872
124.304,0.256592
124.326,0.236452
124.366,0.236285
124.499,0.231109
124.573,0.208884
124.658,0.230418
124.805,0.262778
124.814,0.256704
124.841,0.220879
124.862,0.248858
124.866,0.228026
124.877,0.251483
125.02,0.243203
125.099,0.241556
125.104,0.231627
125.141,0.240192
125.335,0.226179
125.343,0.22785
125.344,0.236693
125.446,0.236595
125.472,0.238251
125.488,0.240029
125.51,0.236996
125.554,0.255197
125.576,0.241194
125.612,0.224313
125.716,0.227195
125.827,0.244355
125.922,0.247555
126.012,0.244066
126.038,0.234812
126.082,0.229372
126.153,0.255504
126.158,0.230266
126.207,0.229566
126.219,0.253129
126.376,0.227116
126.44,0.243648
126.516,0.225139
126.549,0.241106
126.678,0.264088
126.685,0.233163
126.743,0.203082
126.747,0.218166
126.837,0.238641
126.893,0.254142
126.939,0.255001
126.964,0.247047
126.978,0.229494
127.016,0.238367
127.047,0.243826
127.072,0.226648
127.107,0.261337
127.136,0.226322
127.146,0.234462
127.307,0.254923
127.334,0.247189
127.376,0.237649
127.394,0.243042
127.403,0.243713
127.57,0.254681
127.602,0.255266
127.61,0.212019
127.641,0.25479
127.775,0.248684
127.775,0.239554
127.837,0.241724
127.863,0.221655
127.872,0.245977
128,0.258817
128.044,0.247612
128.21,0.244604
128.225,0.244486
128.25,0.256735
128.375,0.236779
128.385,0.230134
128.39,0.249689
128.416,0.239825
128.658,0.233732
128.668,0.238916
128.68,0.239314
128.684,0.237997
128.704,0.240867
128.737,0.224135
128.821,0.239151
128.848,0.241568
128.854,0.262173
128.858,0.252664
128.994,0.243866
128.997,0.232183
129.02,0.245711
129.033,0.223181
129.05,0.245275
129.185,0.226993
129.193,0.253761
129.214,0.241503
129.257,0.271638
129.264,0.251246
129.34,0.240572
129.355,0.241355
129.363,0.244905
129.399,0.239656
129.421,0.244304
129.469,0.252506
129.489,0.233683
129.501,0.234442
129.557,0.247906
129.653,0.258857
129.745,0.251602
129.782,0.237592
129.912,0.218761
129.946,0.217993
129.963,0.25785
130.028,0.240464
130.149,0.242602
130.155,0.240034
130.196,0.241474
130.206,0.230423
130.214,0.234159
130.232,0.227424
130.233,0.264867
130.424,0.24849
130.514,0.234864
130.577,0.2283
130.596,0.231134
130.734,0.217648
130.739,0.2351
130.788,0.240152
130.82,0.262405
130.821,0.227402
130.845,0.239949
130.912,0.237602
130.996,0.254179
131.09,0.246177
131.105,0.255952
131.154,0.236328
131.187,0.227971
131.194,0.258946
131.236,0.246488
131.264,0.233197
131.277,0.243574
131.305,0.239652
131.34,0.242849
131.358,0.220473
131.386,0.221785
131.404,0.211473
131.462,0.236159
131.467,0.241384
131.484,0.25938
131.502,0.222797
131.597,0.223491
131.666,0.23589
131.734,0.23167
131.765,0.228078
131.78,0.231967
131.803,0.222152
131.883,0.241383
131.897,0.22912
131.918,0.256043
131.997,0.25155
132.046,0.254067
132.126,0.241343
132.218,0.253451
132.226,0.244126
132.284,0.231914
132.301,0.24343
132.413,0.247648
132.616,0.233087
132.618,0.233075
132.64,0.234225
132.671,0.238807
132.672,0.217817
132.996,0.235529
133.093,0.240212
133.097,0.22969
133.134,0.239396
133.209,0.23123
133.366,0.252806
133.441,0.257098
133.45,0.244652
133.754,0.24777
133.756,0.258749
133.889,0.235997
133.934,0.253566
133.937,0.247632
134.034,0.244352
134.081,0.237346
134.097,0.230512
134.206,0.232562
134.291,0.236557
134.43,0.25531
134.448,0.238381
134.459,0.246928
134.523,0.251772
134.538,0.253251
134.602,0.264323
134.643,0.232651
134.649,0.228062
134.673,0.236693
134.777,0.227639
134.849,0.248761
134.867,0.237626
134.897,0.248543
134.956,0.245305
134.956,0.221061
134.981,0.24129
134.996,0.257304
135.047,0.243301
135.056,0.231053
135.088,0.239177
135.147,0.246377
135.172,0.251999
135.305,0.243384
135.334,0.232698
135.379,0.236178
135.412,0.249452
135.416,0.21048
135.429,0.232073
135.662,0.254779
135.79,0.256289
135.81,0.207972
135.861,0.229162
136.059,0.237648
136.183,0.218993
136.206,0.225472
136.217,0.256997
136.266,0.247321
136.29,0.24257
136.323,0.253791
136.34,0.245404
136.388,0.249627
136.513,0.227702
136.526,0.202902
136.529,0.248919
136.678,0.254069
136.678,0.233981
136.708,0.226043
136.819,0.211566
137.063,0.230606
137.095,0.236925
137.119,0.254552
137.16,0.239691
137.199,0.242991
137.214,0.243925
137.225,0.209066
137.261,0.255968
137.281,0.197755
137.311,0.240519
137.384,0.238003
137.448,0.231648
137.473,0.260781
137.578,0.236362
137.659,0.234946
137.677,0.199717
137.723,0.237862
137.748,0.240724
137.76,0.242823
137.813,0.23885
137.821,0.226194
137.869,0.236708
137.879,0.236996
137.909,0.254549
137.912,0.260895
137.917,0.277021
137.952,0.246827
137.975,0.256935
137.99,0.241545
138.024,0.234331
138.091,0.240005
138.194,0.235077
138.195,0.219915
138.244,0.291021
138.313,0.228694
138.372,0.249852
138.427,0.245335
138.459,0.222712
138.478,0.239006
138.54,0.224883
138.555,0.233158
138.581,0.249074
138.676,0.248345
138.705,0.235202
138.721,0.246474
138.765,0.239487
138.799,0.23307
138.809,0.226843
138.86,0.235765
138.937,0.241122
139.036,0.224494
139.094,0.232241
139.097,0.229373
139.322,0.257689
139.347,0.242373
139.42,0.237401
139.429,0.22346
139.43,0.235862
139.432,0.235268
139.508,0.216198
139.579,0.256344
139.663,0.247269
139.669,0.252228
139.699,0.244339
139.813,0.242792
139.82,0.219439
139.852,0.228281
139.857,0.245651
139.874,0.201434
139.883,0.258838
139.894,0.244672
139.894,0.235971
139.923,0.244726
140.133,0.238294
140.143,0.246195
140.207,0.236507
140.262,0.218698
140.418,0.236136
140.482,0.235367
140.502,0.214717
140.591,0.249742
140.614,0.258676
140.631,0.253696
140.676,0.276353
140.772,0.239176
140.773,0.242893
140.776,0.236862
140.843,0.248909
140.861,0.252697
140.921,0.219399
141.039,0.256034
141.094,0.238147
141.236,0.248442
141.42,0.26201
141.42,0.252548
141.422,0.239766
141.501,0.214702
141.516,0.239764
141.544,0.208876
141.563,0.243375
141.585,0.244377
141.639,0.242475
141.677,0.23476
141.692,0.257779
141.735,0.238763
141.859,0.237392
141.873,0.247789
141.917,0.25434
142.024,0.229882
142.067,0.221139
142.073,0.237912
142.117,0.258933
142.162,0.212573
142.166,0.209816
142.203,0.230886
142.209,0.257242
142.354,0.247839
142.364,0.257114
142.373,0.232079
142.377,0.23792
142.412,0.246538
142.507,0.246366
142.517,0.249057
142.551,0.22863
142.62,0.244164
142.622,0.222437
142.624,0.232096
142.641,0.225796
142.714,0.267121
142.774,0.230066
142.802,0.23926
142.827,0.214618
142.971,0.221999
142.985,0.228543
143.075,0.264548
143.144,0.240501
143.155,0.24667
143.253,0.240457
143.342,0.235166
143.347,0.246488
143.396,0.251815
143.399,0.237491
143.415,0.241725
143.418,0.256006
143.437,0.239056
143.486,0.266137
143.524,0.230401
143.534,0.251085
143.664,0.220591
143.771,0.236311
143.787,0.246292
143.788,0.221021
143.917,0.225435
143.948,0.220479
144.028,0.247797
144.2,0.251135
144.26,0.242989
144.274,0.213011
144.275,0.225389
144.293,0.23906
144.335,0.249283
144.355,0.254596
144.355,0.202611
144.432,0.250727
144.481,0.246966
144.586,0.238488
144.633,0.264328
144.644,0.265306
144.651,0.246248
144.664,0.239859
144.68,0.268412
144.728,0.212612
144.774,0.254696
144.817,0.198917
144.872,0.235553
144.875,0.238487
144.937,0.251529
144.959,0.231607
144.994,0.238747
145.007,0.214279
145.028,0.241637
145.137,0.225629
145.145,0.235372
145.211,0.232392
145.234,0.251871
145.254,0.234089
145.265,0.235718
145.277,0.210383
145.322,0.235103
145.328,0.258741
145.417,0.222997
145.428,0.221265
145.512,0.23709
145.538,0.225584
145.634,0.251115
145.656,0.224603
145.762,0.219475
145.763,0.233012
145.852,0.256028
145.907,0.24121
145.927,0.18956
145.94,0.228968
145.972,0.229192
146.077,0.251394
146.111,0.243617
146.175,0.228521
146.475,0.22931
146.541,0.235889
146.581,0.242244
146.598,0.265951
146.617,0.232573
146.652,0.226218
146.73,0.23854
146.853,0.236307
146.911,0.23929
146.925,0.263079
146.944,0.243318
146.963,0.232833
147.096,0.2468
147.105,0.235982
147.175,0.242343
147.18,0.226299
147.196,0.244219
147.206,0.228544
147.266,0.227885
147.345,0.257263
147.393,0.254356
147.403,0.228148
147.528,0.227035
147.577,0.226684
147.601,0.252394
147.643,0.226566
147.659,0.2415
147.748,0.238031
147.757,0.263868
147.851,0.217984
147.883,0.235466
147.957,0.242722
147.972,0.231331
147.989,0.235461
148.003,0.241846
148.012,0.234782
148.092,0.213368
148.306,0.227232
148.308,0.234863
148.316,0.247949
148.343,0.232036
148.402,0.224704
148.439,0.241437
148.454,0.237886
148.622,0.25512
148.65,0.230453
148.71,0.249684
148.865,0.252889
148.897,0.257733
148.948,0.24514
148.983,0.231779
149.037,0.246313
149.054,0.241371
149.076,0.24719
149.083,0.219921
149.097,0.236622
149.229,0.219763
149.253,0.239895
149.274,0.244813
149.306,0.25401
149.322,0.219194
149.388,0.241318
149.463,0.257126
149.477,0.243635
149.629,0.22331
149.811,0.239906
149.85,0.230458
149.861,0.25091
149.911,0.229957
149.926,0.23745
149.968,0.219754
149.98,0.2096
150.023,0.195379
150.054,0.251186
150.118,0.236724
150.134,0.227257
150.201,0.206556
150.285,0.233011
150.299,0.241191
150.354,0.253054
150.378,0.248375
150.4,0.218274
150.564,0.231359
150.608,0.227113
150.716,0.282113
150.74,0.213965
150.755,0.237671
150.765,0.22645
150.886,0.226711
150.917,0.255328
150.961,0.234321
150.964,0.235818
151.09,0.232674
151.123,0.222381
151.173,0.245307
151.209,0.25812
151.226,0.273436
151.241,0.245488
151.259,0.261685
151.355,0.228406
151.416,0.23187
151.541,0.224171
151.569,0.229719
151.71,0.254836
151.722,0.237416
151.731,0.22797
151.734,0.228777
151.823,0.253935
151.844,0.262594
151.85,0.24891
151.877,0.261549
151.902,0.206866
151.928,0.235803
151.94,0.241649
152.068,0.218443
152.07,0.258303
152.074,0.248298
152.139,0.222902
152.139,0.266976
152.191,0.236755
152.209,0.232098
152.217,0.24581
152.272,0.247588
152.333,0.218824
152.364,0.24458
152.411,0.267144
152.427,0.248332
152.446,0.24299
152.481,0.214587
152.557,0.268968
152.602,0.221596
152.61,0.23737
152.632,0.248259
152.656,0.248684
152.657,0.236875
152.73,0.242932
152.847,0.227354
152.892,0.250981
152.925,0.22883
153.049,0.26934
153.062,0.264557
153.128,0.242292
153.204,0.219649
153.233,0.226
153.268,0.233616
153.323,0.220342
153.339,0.205206
153.367,0.227143
153.412,0.243311
153.425,0.239226
153.474,0.230057
153.552,0.231148
153.57,0.235136
153.669,0.226565
153.737,0.246111
153.854,0.237256
153.868,0.223823
153.903,0.262161
153.933,0.261716
154.1,0.215456
154.114,0.255767
154.192,0.249679
154.221,0.24988
154.234,0.222543
154.258,0.219038
154.341,0.209356
154.351,0.233708
154.389,0.23617
154.397,0.24836
154.403,0.266806
154.411,0.221673
154.507,0.246899
154.521,0.230371
154.579,0.256604
154.587,0.254342
154.621,0.264587
154.711,0.218094
154.726,0.239226
154.735,0.264621
154.818,0.244394
154.868,0.246775
154.906,0.238618
154.966,0.238521
154.967,0.261414
154.975,0.24093
155.11,0.210296
155.202,0.26448
155.212,0.231841
155.337,0.205056
155.351,0.238981
155.366,0.225834
155.367,0.241812
155.437,0.255189
155.555,0.244862
155.603,0.231314
155.609,0.23319
155.667,0.245964
155.818,0.261829
155.89,0.231113
155.905,0.231144
155.959,0.209655
155.988,0.232107
156.047,0.199951
156.049,0.247168
156.136,0.237346
156.147,0.244084
156.198,0.240556
156.201,0.254995
156.248,0.268733
156.377,0.23979
156.514,0.254032
156.651,0.251375
156.735,0.22184
156.866,0.226783
156.957,0.243179
156.985,0.210347
157.055,0.222735
157.091,0.229804
157.139,0.250148
157.283,0.226276
157.327,0.226686
157.386,0.249915
157.452,0.250802
157.552,0.235508
157.626,0.248249
157.642,0.218985
157.671,0.217111
157.776,0.244801
157.831,0.252147
157.846,0.21768
157.878,0.223868
157.886,0.232492
157.89,0.248877
157.893,0.231119
157.935,0.221874
157.997,0.238159
158.073,0.256365
158.165,0.248538
158.3,0.234594
158.305,0.238702
158.342,0.208187
158.364,0.226567
158.369,0.236326
158.399,0.235691
158.443,0.221254
158.501,0.213157
158.603,0.263659
158.615,0.237981
158.624,0.266501
158.675,0.234568
158.748,0.218607
158.768,0.226869
158.814,0.232559
158.815,0.251913
158.845,0.239167
158.846,0.235269
158.861,0.234885
158.864,0.247413
158.882,0.243944
158.914,0.233956
158.927,0.24152
158.952,0.219694
158.978,0.274158
159.034,0.232981
159.062,0.24899
159.07,0.21493
159.105,0.228673
159.128,0.216956
159.141,0.195214
159.18,0.239899
159.186,0.27462
159.287,0.214018
159.288,0.246374
159.325,0.236767
159.334,0.190202
159.353,0.216535
159.409,0.22913
159.442,0.250134
159.45,0.217521
159.492,0.224749
159.513,0.231923
159.59,0.238433
159.699,0.235809
159.718,0.246755
159.752,0.218296
159.778,0.229763
159.82,0.218725
159.868,0.250339
159.937,0.257042
160.044,0.244056
160.061,0.220968
160.107,0.245516
160.108,0.230267
160.212,0.264274
160.227,0.240877
160.231,0.198059
160.247,0.22832
160.401,0.234182
160.417,0.241003
160.427,0.249283
160.428,0.246847
160.49,0.250653
160.491,0.225745
160.525,0.20567
160.585,0.243947
160.616,0.205198
160.627,0.23557
160.633,0.216225
160.749,0.263198
160.789,0.258579
160.822,0.229457
160.831,0.23449
160.87,0.242071
160.943,0.227925
160.955,0.242738
160.981,0.238518
161.019,0.238841
161.075,0.252688
161.088,0.222893
161.163,0.229393
161.199,0.265129
161.212,0.236666
161.282,0.228487
161.282,0.240689
161.283,0.254271
161.283,0.227473
161.293,0.228827
161.307,0.253572
161.319,0.250131
161.365,0.225039
161.37,0.218538
161.422,0.223334
161.454,0.25738
161.722,0.245135
161.731,0.225567
161.83,0.227801
161.866,0.231249
162.008,0.229605
162.051,0.25073
162.1,0.221487
162.126,0.222643
162.133,0.238602
162.169,0.228062
162.292,0.247503
162.299,0.228179
162.325,0.244225
162.352,0.278864
162.362,0.248006
162.362,0.27451
162.457,0.222234
162.47,0.223032
162.497,0.228325
162.675,0.261395
162.69,0.230378
162.712,0.224306
162.782,0.248095
162.938,0.251535
162.996,0.238638
163.006,0.231182
163.02,0.259798
163.1,0.235763
163.154,0.232999
163.163,0.240495
163.205,0.238219
163.254,0.241919
163.347,0.250998
163.427,0.248389
163.479,0.20882
163.511,0.258265
163.605,0.262373
163.67,0.216722
163.689,0.225306
163.718,0.231011
163.762,0.228888
163.789,0.20988
163.795,0.211012
163.866,0.226328
163.917,0.24994
163.945,0.225317
164.019,0.271914
164.027,0.243712
164.052,0.24397
164.13,0.238049
164.13,0.262856
164.216,0.238882
164.25,0.209801
164.294,0.234541
164.361,0.254732
164.476,0.226052
164.612,0.244288
164.63,0.258552
164.667,0.22544
164.72,0.249403
164.782,0.218035
164.817,0.237083
164.849,0.258457
164.875,0.234181
164.965,0.227321
164.98,0.242557
165.05,0.233991
165.065,0.228782
165.074,0.243891
165.13,0.232272
165.172,0.260187
165.212,0.233357
165.253,0.236554
165.261,0.254282
165.271,0.233337
165.295,0.260431
165.328,0.244696
165.343,0.217244
165.344,0.258219
165.403,0.237931
165.46,0.26416
165.574,0.215023
165.587,0.241738
165.641,0.228934
165.702,0.225914
165.724,0.220016
165.773,0.218091
165.805,0.225156
165.867,0.220374
165.875,0.244062
165.88,0.236198
165.946,0.219452
165.954,0.226809
165.955,0.205329
166.068,0.236309
166.07,0.243662
166.172,0.208358
166.277,0.233645
166.497,0.224862
166.587,0.254778
166.634,0.243226
166.665,0.234367
166.702,0.234728
166.711,0.245408
166.789,0.219397
166.895,0.243472
166.897,0.269142
166.922,0.246683
166.974,0.244463
166.985,0.228848
167.019,0.203425
167.02,0.262629
167.067,0.242469
167.107,0.214033
167.135,0.215905
167.267,0.231981
167.309,0.23928
167.31,0.209355
167.313,0.25289
167.374,0.198168
167.378,0.237665
167.384,0.24011
167.402,0.24994
167.409,0.25116
167.413,0.219871
167.592,0.235541
167.61,0.222636
167.672,0.246317
167.672,0.201678
167.781,0.269118
167.789,0.222967
167.831,0.232995
167.868,0.212436
167.904,0.233397
167.931,0.223596
167.951,0.22992
167.966,0.265887
167.984,0.221327
168.016,0.245319
168.048,0.237265
168.106,0.224085
168.247,0.24354
168.34,0.219578
168.378,0.22755
168.41,0.216472
168.432,0.243827
168.446,0.234813
168.47,0.250417
168.616,0.228575
168.666,0.263596
168.755,0.265146
168.775,0.226887
168.848,0.212364
168.849,0.254706
168.944,0.226669
169.08,0.246977
169.115,0.264625
169.135,0.276723
169.234,0.219613
169.242,0.230077
169.253,0.226558
169.257,0.25582
169.315,0.226638
169.349,0.229748
169.361,0.240419
169.43,0.256306
169.458,0.226401
169.508,0.234214
169.616,0.237656
169.716,0.277467
169.76,0.232294
169.809,0.236592
169.847,0.227488
169.862,0.235669
169.908,0.202813
169.966,0.230719
170.002,0.245425
170.006,0.255001
170.024,0.22963
170.029,0.214953
170.052,0.221016
170.089,0.209075
170.105,0.220654
170.113,0.248461
170.116,0.25922
170.163,0.236754
170.26,0.219056
170.299,0.216935
170.336,0.242226
170.378,0.238651
170.389,0.207642
170.409,0.196009
170.43,0.229699
170.441,0.237103
170.593,0.230902
170.605,0.220006
170.618,0.242268
170.652,0.24142
170.656,0.268257
170.8,0.218372
170.82,0.234887
170.873,0.244152
170.879,0.20242
170.921,0.236538
170.961,0.235044
170.996,0.230892
171.072,0.219944
171.136,0.22799
171.164,0.247945
171.211,0.245606
171.229,0.242828
171.24,0.202523
171.306,0.227562
171.333,0.229655
171.334,0.206404
171.341,0.241156
171.342,0.195742
171.394,0.227252
171.477,0.241261
171.499,0.22904
171.548,0.243013
171.55,0.229691
171.559,0.194607
171.567,0.229021
171.738,0.233652
171.8,0.206243
171.802,0.270084
171.823,0.229035
171.912,0.227265
172.008,0.25026
172.038,0.224927
172.121,0.234875
172.173,0.238254
172.207,0.229142
172.275,0.251396
172.29,0.223846
172.306,0.244481
172.35,0.22526
172.38,0.236217
172.397,0.240641
172.444,0.231536
172.555,0.22734
172.573,0.244008
172.617,0.226286
172.639,0.232833
172.644,0.277803
172.743,0.262363
172.795,0.266193
172.818,0.264658
172.852,0.264879
172.878,0.24565
172.881,0.231706
172.894,0.240488
172.912,0.227369
172.952,0.218269
172.954,0.245731
172.984,0.260398
173.085,0.234525
173.105,0.224566
173.212,0.245175
173.241,0.242506
173.258,0.240208
173.281,0.214136
173.325,0.234158
173.342,0.268075
173.354,0.220762
173.408,0.2424
173.518,0.245892
173.543,0.228178
173.546,0.249468
173.577,0.240108
173.676,0.224249
173.846,0.237984
173.869,0.245183
173.887,0.240231
173.938,0.227933
173.965,0.2004
173.968,0.250094
173.992,0.254483
174.061,0.259788
174.128,0.230693
174.143,0.278791
174.178,0.255529
174.249,0.214202
174.264,0.235374
174.381,0.231842
174.44,0.22466
174.467,0.249784
174.473,0.227353
174.554,0.235668
174.564,0.242826
174.595,0.24187
174.629,0.233656
174.693,0.232592
174.724,0.233092
174.755,0.25077
174.761,0.227225
174.82,0.239372
174.984,0.239421
175.088,0.230868
175.12,0.226963
175.127,0.235347
175.166,0.217666
175.187,0.241578
175.293,0.286508
175.345,0.224771
175.364,0.223183
175.424,0.201378
175.515,0.237783
175.522,0.250029
175.544,0.247669
175.591,0.234448
175.604,0.233327
175.734,0.230239
175.769,0.219777
175.79,0.22808
175.822,0.248734
175.84,0.256945
175.846,0.222062
175.904,0.270633
175.941,0.222165
175.975,0.25838
176.064,0.20276
176.091,0.253426
176.172,0.249286
176.272,0.196487
176.339,0.243284
176.379,0.248892
176.382,0.242269
176.431,0.200706
176.462,0.235554
176.482,0.236374
176.512,0.233981
176.58,0.2237
176.655,0.249146
176.692,0.212235
176.828,0.222954
176.86,0.262091
176.861,0.243225
176.928,0.236002
177.01,0.227491
177.017,0.220357
177.025,0.245391
177.039,0.247152
177.048,0.242634
177.094,0.266228
177.097,0.268638
177.125,0.263937
177.134,0.208455
177.183,0.213823
177.266,0.242193
177.279,0.199975
177.289,0.208081
177.346,0.262828
177.346,0.21458
177.403,0.213722
177.458,0.264225
177.483,0.255913
177.507,0.238262
177.553,0.230394
177.608,0.244843
177.646,0.259113
177.656,0.230638
177.676,0.252839
177.682,0.237602
177.746,0.282377
177.797,0.229815
177.804,0.24866
177.846,0.203971
178.032,0.245569
178.123,0.217115
178.149,0.22603
178.165,0.231736
178.217,0.209917
178.223,0.217749
178.231,0.224164
178.252,0.260979
178.322,0.231964
178.347,0.238997
178.354,0.209052
178.403,0.243937
178.54,0.220761
178.581,0.250979
178.584,0.24841
178.596,0.238717
178.603,0.22248
178.669,0.239114
178.727,0.218145
178.734,0.236609
178.775,0.23119
178.843,0.220032
178.889,0.231109
178.892,0.221862
178.895,0.255561
179.058,0.225259
179.072,0.259282
179.075,0.223169
179.076,0.249882
179.08,0.233352
179.133,0.229456
179.141,0.239906
179.167,0.231232
179.238,0.251578
179.279,0.224621
179.326,0.233334
179.402,0.223067
179.431,0.206781
179.457,0.257287
179.462,0.275749
179.503,0.231662
179.624,0.255942
179.632,0.221203
179.711,0.242613
179.744,0.236337
179.747,0.239159
179.759,0.218558
179.768,0.259566
179.811,0.261506
179.857,0.206113
179.879,0.211228
179.914,0.245997
179.956,0.23
179.957,0.243787
179.958,0.244164
180.018,0.255343
180.161,0.219477
180.208,0.263028
180.259,0.21975
180.312,0.265947
180.315,0.231837
180.344,0.243728
180.529,0.209924
180.632,0.225684
180.643,0.234187
180.646,0.255531
180.721,0.246403
180.773,0.245119
180.779,0.228151
180.9,0.245562
180.929,0.212458
180.929,0.238248
181.04,0.24377
181.076,0.256688
181.077,0.202401
181.078,0.24056
181.082,0.233739
181.113,0.267708
181.115,0.231354
181.117,0.256566
181.147,0.255604
181.179,0.186598
181.223,0.217055
181.227,0.276823
181.304,0.254826
181.319,0.240461
181.346,0.179148
181.375,0.223408
181.405,0.209535
181.446,0.217933
181.589,0.251386
181.607,0.230887
181.629,0.267177
181.666,0.235581
181.813,0.242634
181.833,0.221539
181.928,0.229088
182.021,0.233165
182.104,0.22454
182.122,0.25665
182.199,0.256594
182.208,0.230831
182.209,0.252573
182.231,0.256802
182.239,0.232814
182.284,0.248892
182.401,0.206136
182.428,0.197915
182.447,0.238235
182.456,0.221967
182.567,0.227098
182.581,0.224558
182.602,0.21847
182.663,0.212758
182.674,0.217179
182.822,0.252452
182.871,0.235578
182.99,0.2342
183.117,0.259247
183.129,0.242457
183.184,0.202758
183.244,0.20243
183.346,0.211007
183.37,0.245397
183.466,0.243439
183.498,0.204103
183.539,0.205655
183.613,0.245652
183.725,0.244499
183.732,0.241765
183.785,0.269129
183.858,0.253888
183.955,0.240526
184.045,0.245993
184.106,0.264194
184.141,0.218983
184.23,0.23784
184.231,0.266187
184.236,0.224107
184.251,0.251787
184.288,0.241378
184.429,0.201677
184.442,0.285977
184.547,0.250057
184.56,0.243792
184.674,0.234004
184.688,0.268141
184.696,0.253807
184.711,0.212645
184.756,0.246127
184.77,0.249785
184.793,0.252952
184.817,0.245105
184.945,0.210247
184.982,0.229316
185.069,0.238476
185.11,0.19336
185.167,0.234105
185.222,0.260445
185.32,0.240156
185.339,0.240156
185.362,0.226993
185.48,0.237178
185.545,0.227207
185.602,0.241311
185.603,0.237414
185.611,0.228
185.662,0.253528
185.757,0.240991
185.777,0.218103
185.818,0.231261
185.843,0.239427
185.873,0.211301
186.091,0.230012
186.156,0.258249
186.244,0.20994
186.27,0.239326
186.304,0.256382
186.339,0.220344
186.35,0.250038
186.442,0.231107
186.444,0.221422
186.522,0.233845
186.64,0.253409
186.865,0.262217
186.907,0.167639
186.958,0.237333
187.07,0.224173
187.086,0.212285
187.112,0.258389
187.23,0.232456
187.279,0.274028
187.288,0.221657
187.331,0.215034
187.463,0.243519
187.568,0.21262
187.575,0.220837
187.586,0.240114
187.673,0.270064
187.679,0.242084
187.934,0.24357
187.981,0.251141
188.08,0.231893
188.136,0.242937
188.181,0.224156
188.203,0.217799
188.222,0.253349
188.26,0.231093
188.334,0.22686
188.346,0.242192
188.413,0.250613
188.481,0.233872
188.551,0.228474
188.581,0.206435
188.683,0.248759
188.713,0.255164
188.723,0.20431
188.723,0.218643
188.737,0.232963
188.865,0.206688
188.885,0.256366
188.889,0.285134
188.889,0.218558
188.915,0.226018
189.005,0.237046
189.028,0.225402
189.182,0.227404
189.313,0.261341
189.351,0.232124
189.482,0.228899
189.506,0.232995
189.551,0.231528
189.568,0.250799
189.615,0.259544
189.68,0.215865
189.717,0.225031
189.723,0.193705
189.745,0.245257
189.758,0.249159
189.762,0.222039
189.802,0.218855
189.824,0.205842
189.846,0.218983
189.909,0.246307
189.963,0.221459
190.144,0.27335
190.147,0.228165
190.189,0.233347
190.192,0.237303
190.197,0.24405
190.213,0.226276
190.267,0.251477
190.327,0.216851
190.361,0.260401
190.364,0.227706
190.397,0.270258
190.477,0.204667
190.487,0.236383
190.648,0.243325
190.666,0.203415
190.676,0.241941
190.752,0.255017
190.824,0.203543
190.844,0.234053
190.863,0.218619
190.978,0.241406
191.028,0.229515
191.043,0.249068
191.077,0.240014
191.219,0.267207
191.245,0.217247
191.252,0.254025
191.264,0.25699
191.302,0.218763
191.388,0.227032
191.396,0.275083
191.409,0.248569
191.507,0.231586
191.574,0.262332
191.7,0.248944
191.719,0.231666
191.73,0.271639
191.777,0.241835
191.781,0.211038
191.811,0.214498
191.864,0.2688
191.913,0.214964
191.96,0.224125
191.994,0.2145
192.031,0.248284
192.04,0.225703
192.184,0.254688
192.19,0.2171
192.218,0.266389
192.247,0.251276
192.342,0.239531
192.419,0.210169
192.443,0.207463
192.527,0.251047
192.537,0.200487
192.657,0.240874
192.69,0.241677
192.756,0.2088
192.776,0.207779
192.776,0.216091
192.883,0.233754
192.885,0.214236
192.982,0.226467
193.05,0.246937
193.089,0.234349
193.105,0.207639
193.137,0.249843
193.143,0.222369
193.182,0.255192
193.189,0.236125
193.204,0.211489
193.204,0.232923
193.254,0.263035
193.269,0.230377
193.336,0.24993
193.415,0.212871
193.45,0.222664
193.466,0.234754
193.586,0.248628
193.588,0.202787
193.633,0.25084
193.688,0.219118
193.768,0.254383
193.804,0.235962
193.84,0.237753
193.869,0.226766
193.903,0.228592
193.911,0.233542
193.941,0.255471
194.027,0.210105
194.027,0.231675
194.048,0.220613
194.112,0.196053
194.223,0.224938
194.384,0.222157
194.399,0.257194
194.436,0.236513
194.467,0.240158
194.57,0.247695
194.599,0.228699
194.604,0.268403
194.634,0.204837
194.656,0.203548
194.668,0.249158
194.693,0.195258
194.725,0.218194
194.794,0.200883
194.834,0.229472
194.853,0.265213
194.859,0.219471
194.964,0.255102
194.967,0.23054
195.054,0.206889
195.155,0.209016
195.163,0.257207
195.182,0.231286
195.23,0.250067
195.258,0.223097
195.292,0.26288
195.295,0.222861
195.331,0.284375
195.461,0.223939
195.483,0.207109
195.567,0.224834
195.662,0.206418
195.713,0.241792
195.717,0.232227
195.726,0.241465
195.767,0.235828
195.88,0.247276
195.881,0.235552
195.934,0.240271
195.965,0.231916
196.015,0.216989
196.097,0.215094
196.219,0.229861
196.322,0.220046
196.337,0.217368
196.369,0.236001
196.384,0.221819
196.488,0.215964
196.498,0.234984
196.523,0.212059
196.556,0.22875
196.568,0.19487
196.585,0.207279
196.587,0.233254
196.662,0.233162
196.668,0.242701
196.818,0.250987
196.864,0.232767
196.93,0.228111
196.95,0.24875
196.968,0.251744
196.97,0.250732
197.249,0.222068
197.3,0.207048
197.317,0.197649
197.586,0.221705
197.656,0.237882
197.715,0.2455
197.811,0.216971
197.823,0.267274
197.838,0.217665
197.884,0.242059
197.899,0.227002
197.902,0.204447
197.921,0.206069
197.934,0.187392
197.936,0.25876
197.95,0.239657
197.966,0.258958
197.967,0.238243
198.038,0.230771
198.136,0.245239
198.184,0.193951
198.212,0.242126
198.293,0.215156
198.311,0.235239
198.324,0.259546
198.414,0.240231
198.44,0.247415
198.474,0.238506
198.532,0.233111
198.563,0.264388
198.569,0.190991
198.6,0.237857
198.61,0.223083
198.681,0.199881
198.698,0.206526
198.74,0.21953
198.765,0.225655
198.957,0.240496
198.986,0.217819
199.03,0.252379
199.066,0.238072
199.075,0.242192
199.1,0.248516
199.124,0.222399
199.136,0.247403
199.169,0.206271
199.178,0.225169
199.196,0.246452
199.259,0.240671
199.314,0.239814
199.371,0.230917
199.421,0.223976
199.481,0.203885
199.557,0.23601
199.574,0.258947
199.659,0.240443
199.675,0.223763
199.698,0.230864
199.739,0.236796
199.74,0.240845
199.875,0.225421
199.96,0.216359
200.089,0.207157
200.112,0.23484
200.114,0.223322
200.151,0.259769
200.165,0.253137
200.186,0.257912
200.252,0.24404
200.278,0.215221
200.31,0.249973
200.367,0.237588
200.444,0.223603
200.467,0.267392
200.508,0.205699
200.542,0.269132
200.577,0.247298
200.617,0.207874
200.625,0.267262
200.641,0.242473
200.656,0.241952
200.721,0.219133
200.729,0.248908
200.73,0.23503
200.811,0.269543
200.848,0.222287
200.88,0.239706
200.911,0.249104
200.959,0.214825
200.97,0.215383
201.024,0.241189
201.072,0.240235
201.187,0.235998
201.191,0.174635
201.199,0.234441
201.245,0.239136
201.27,0.203819
201.304,0.270758
201.39,0.202955
201.424,0.218073
201.425,0.221695
201.444,0.231367
201.467,0.218924
201.526,0.235821
201.527,0.218593
201.569,0.204751
201.587,0.229211
201.592,0.227168
201.621,0.241944
201.626,0.22457
201.693,0.215845
201.704,0.247786
201.721,0.219574
201.774,0.203672
201.788,0.191968
201.79,0.255618
201.847,0.211202
201.882,0.185116
201.898,0.272891
201.936,0.254527
201.974,0.193871
202.048,0.26011
202.145,0.224688
202.151,0.234143
202.171,0.196012
202.286,0.221849
202.296,0.242461
202.359,0.256406
202.387,0.193634
202.403,0.245979
202.421,0.215335
202.48,0.193468
202.489,0.219399
202.516,0.211185
202.52,0.230009
202.523,0.208966
202.565,0.238903
202.589,0.223771
202.6,0.226736
202.648,0.236615
202.666,0.23982
202.689,0.230795
202.738,0.261519
202.806,0.258365
202.83,0.240271
202.848,0.201085
202.913,0.262861
202.956,0.239713
202.998,0.244525
203.053,0.230976
203.066,0.234795
203.15,0.212294
203.18,0.252123
203.208,0.230002
203.273,0.240458
203.45,0.24244
203.474,0.260103
203.529,0.252115
203.564,0.234904
203.577,0.249652
203.59,0.234928
203.615,0.231553
203.631,0.227349
203.682,0.231933
203.729,0.224742
203.737,0.27448
203.772,0.195802
203.794,0.208161
203.82,0.276931
203.883,0.240149
204.011,0.235305
204.025,0.264733
204.062,0.227229
204.07,0.25292
204.159,0.219139
204.188,0.232906
204.247,0.256723
204.32,0.230476
204.332,0.242547
204.44,0.260381
204.446,0.237212
204.457,0.241724
204.465,0.231534
204.472,0.256612
204.481,0.224657
204.503,0.254708
204.582,0.242077
204.599,0.263081
204.615,0.237027
204.631,0.266564
204.645,0.265081
204.647,0.244825
204.687,0.221238
204.727,0.238559
204.75,0.241764
204.878,0.220551
204.968,0.189875
204.976,0.282203
204.98,0.253014
205.007,0.223899
205.034,0.220095
205.122,0.226218
205.186,0.198393
205.239,0.213355
205.259,0.234262
205.301,0.23983
205.346,0.245555
205.376,0.226876
205.401,0.250165
205.466,0.216623
205.513,0.19996
205.582,0.272178
205.583,0.220624
205.606,0.22774
205.636,0.215799
205.69,0.281032
205.764,0.236451
205.764,0.209169
205.825,0.253139
205.835,0.231077
205.91,0.24759
205.962,0.253476
205.967,0.234907
205.985,0.217241
206.017,0.225087
206.017,0.229358
206.064,0.252578
206.089,0.249254
206.109,0.24577
206.125,0.212936
206.174,0.2286
206.199,0.250076
206.283,0.269248
206.294,0.218087
206.311,0.205498
206.321,0.251862
206.378,0.250694
206.393,0.242268
206.417,0.221844
206.444,0.231042
206.558,0.214273
206.574,0.195198
206.622,0.237114
206.638,0.222747
206.667,0.200277
206.67,0.24712
206.75,0.218614
206.76,0.231827
206.787,0.24839
206.822,0.240115
206.85,0.203897
206.887,0.232574
206.93,0.210489
206.983,0.222322
207.001,0.28666
207.075,0.220672
207.087,0.21925
207.162,0.215782
207.247,0.206374
207.249,0.265848
207.26,0.237301
207.283,0.227611
207.299,0.256195
207.337,0.268029
207.525,0.236375
207.539,0.21943
207.54,0.222353
207.577,0.181909
207.586,0.231074
207.668,0.220973
207.702,0.226145
207.778,0.231474
208.037,0.19765
208.081,0.206284
208.085,0.227545
208.177,0.213505
208.205,0.242555
208.271,0.236702
208.277,0.274709
208.285,0.191169
208.294,0.21888
208.303,0.215656
208.446,0.234808
208.496,0.230645
208.518,0.218937
208.522,0.200997
208.645,0.243603
208.719,0.226794
208.901,0.21843
208.919,0.234534
209.03,0.208182
209.11,0.232194
209.113,0.249417
209.144,0.226698
209.21,0.217803
209.305,0.208146
209.33,0.23894
209.365,0.25578
209.366,0.231192
209.384,0.254934
209.528,0.180809
209.528,0.269295
209.54,0.203092
209.557,0.260619
209.572,0.22832
209.589,0.221615
209.622,0.21586
209.631,0.226983
209.836,0.219576
209.894,0.248876
209.905,0.22239
209.943,0.242879
210.011,0.282079
210.053,0.224709
210.092,0.201432
210.155,0.222561
210.158,0.249962
210.191,0.256125
210.197,0.234895
210.235,0.23894
210.259,0.249843
210.434,0.301466
210.45,0.242807
210.452,0.234872
210.458,0.242939
210.483,0.230639
210.585,0.213835
210.621,0.215641
210.651,0.23728
210.652,0.222066
210.695,0.246699
210.753,0.25157
210.805,0.216532
210.923,0.281811
211.033,0.214297
211.051,0.244863
211.052,0.249918
211.061,0.217209
211.083,0.250214
211.192,0.254774
211.293,0.211612
211.308,0.230433
211.342,0.230556
211.353,0.24852
211.408,0.256095
211.535,0.231379
211.664,0.208675
211.726,0.240751
211.729,0.28372
211.88,0.223207
211.941,0.20651
211.943,0.196068
211.982,0.232097
212.104,0.246916
212.127,0.190211
212.179,0.259355
212.202,0.25134
212.257,0.239195
212.26,0.248276
212.374,0.251661
212.502,0.252814
212.513,0.210173
212.644,0.219957
212.666,0.223922
212.729,0.200771
212.741,0.257184
212.767,0.216994
212.788,0.211982
212.832,0.234952
212.972,0.243833
213.015,0.191205
213.066,0.215802
213.082,0.229939
213.083,0.225698
213.087,0.243225
213.096,0.24678
213.11,0.216098
213.189,0.242573
213.372,0.248355
213.426,0.225859
213.439,0.241655
213.452,0.241473
213.48,0.229
213.62,0.234148
213.666,0.213469
213.676,0.226287
213.701,0.21102
213.764,0.196529
213.813,0.18764
213.846,0.218014
213.873,0.218499
213.947,0.223913
213.973,0.188653
214.018,0.229809
214.032,0.221119
214.085,0.210545
214.105,0.225689
214.121,0.250145
214.129,0.233568
214.166,0.212428
214.347,0.212019
214.37,0.241277
214.42,0.232688
214.443,0.231727
214.446,0.213536
214.504,0.208357
214.508,0.253387
214.617,0.217236
214.627,0.223303
214.629,0.212058
214.634,0.231826
214.705,0.217302
214.711,0.207761
214.718,0.237502
214.914,0.236991
214.927,0.228734
214.982,0.222855
215.044,0.236388
215.075,0.237886
215.115,0.235843
215.123,0.224347
215.303,0.263792
215.308,0.193743
215.326,0.211628
215.394,0.206437
215.441,0.208133
215.455,0.201911
215.494,0.210045
215.558,0.239947
215.639,0.237649
215.742,0.229872
215.766,0.252397
215.83,0.239326
215.848,0.191512
215.858,0.231043
215.892,0.220588
215.949,0.228358
216.032,0.215038
216.065,0.205238
216.089,0.241879
216.148,0.264597
216.151,0.211149
216.19,0.25909
216.299,0.196446
216.422,0.20225
216.463,0.225716
216.49,0.232696
216.53,0.223153
216.628,0.230706
216.727,0.221783
216.828,0.226559
216.878,0.198109
216.884,0.257063
217.019,0.190687
217.023,0.225957
217.049,0.231166
217.062,0.229035
217.063,0.237297
217.103,0.233869
217.159,0.218507
217.253,0.236574
217.276,0.197771
217.342,0.234369
217.381,0.239323
217.439,0.247544
217.466,0.267481
217.648,0.248192
217.662,0.229626
217.72,0.247881
217.771,0.259528
217.784,0.19009
217.792,0.215945
217.82,0.246399
217.84,0.19692
217.843,0.250025
217.925,0.226518
217.938,0.222874
217.942,0.23187
217.947,0.212975
217.952,0.20098
218.039,0.244362
218.07,0.21856
218.1,0.231034
218.16,0.222354
218.168,0.183895
218.26,0.229911
218.275,0.256191
218.298,0.240587
218.308,0.179279
218.371,0.23693
218.403,0.241338
218.452,0.239924
218.489,0.282752
218.518,0.240234
218.575,0.24728
218.598,0.22842
218.614,0.239388
218.629,0.219439
218.701,0.230653
218.768,0.200007
218.776,0.230772
218.934,0.237014
218.954,0.256042
219.005,0.252618
219.1,0.233751
219.154,0.216852
219.298,0.224741
219.306,0.247894
219.339,0.222638
219.369,0.24796
219.485,0.247549
219.54,0.23634
219.566,0.236908
219.591,0.238123
219.592,0.246481
219.598,0.22682
219.627,0.204153
219.634,0.233293
219.676,0.233539
219.682,0.223955
219.75,0.239114
219.776,0.20245
219.793,0.226309
219.796,0.235983
219.912,0.210527
219.913,0.249227
220.032,0.228855
220.082,0.206475
220.117,0.246032
220.121,0.286392
220.124,0.22871
220.13,0.220982
220.193,0.257824
220.2,0.20389
220.213,0.2336
220.399,0.228752
220.429,0.254231
220.486,0.225932
220.509,0.228911
220.51,0.194749
220.562,0.244095
220.604,0.212366
220.621,0.20019
220.675,0.217422
220.752,0.200696
220.769,0.209585
220.796,0.235992
220.865,0.227507
220.937,0.243631
220.949,0.240246
221.009,0.242744
221.019,0.212556
221.056,0.209149
221.056,0.240613
221.11,0.236131
221.149,0.220461
221.158,0.210192
221.199,0.262609
221.201,0.198586
221.212,0.193496
221.306,0.237485
221.328,0.25821
221.332,0.214798
221.337,0.21819
221.343,0.251121
221.348,0.251868
221.403,0.228788
221.477,0.236276
221.574,0.259886
221.609,0.226451
221.682,0.230907
221.705,0.20259
221.804,0.243496
221.84,0.232467
221.937,0.265376
221.987,0.23973
222.01,0.258049
222.043,0.201407
222.047,0.201699
222.085,0.267954
222.139,0.203609
222.162,0.199687
222.254,0.214656
222.315,0.232341
222.419,0.26451
222.436,0.270172
222.442,0.221316
222.479,0.222244
222.533,0.23197
222.545,0.288532
222.668,0.229873
222.731,0.225902
222.755,0.193192
222.847,0.253774
222.921,0.22937
222.98,0.224703
223.012,0.227897
223.061,0.219781
223.116,0.225668
223.119,0.225472
223.12,0.23753
223.121,0.221723
223.145,0.20528
223.188,0.248839
223.193,0.220078
223.218,0.237275
223.219,0.211457
223.231,0.23397
223.244,0.248987
223.292,0.239792
223.339,0.258823
223.408,0.224493
223.433,0.219294
223.488,0.264659
223.496,0.245846
223.509,0.2406
223.512,0.193758
223.52,0.26087
223.554,0.224892
223.557,0.235357
223.564,0.188586
223.571,0.201686
223.628,0.238329
223.671,0.244636
223.776,0.21703
223.827,0.272605
223.834,0.209601
223.851,0.243717
223.971,0.241534
223.973,0.235322
224.162,0.208896
224.204,0.235977
224.28,0.197092
224.429,0.251774
224.459,0.25158
224.469,0.216649
224.494,0.209802
224.539,0.228171
224.556,0.202673
224.562,0.231499
224.564,0.186092
224.608,0.27789
224.62,0.242899
224.653,0.237805
224.695,0.195832
224.696,0.222701
224.739,0.262026
224.749,0.230701
224.771,0.236761
224.857,0.220604
224.973,0.221499
225.025,0.236727
225.058,0.265433
225.085,0.250712
225.115,0.229737
225.142,0.226497
225.274,0.228207
225.284,0.238238
225.459,0.249182
225.634,0.261013
225.667,0.235664
225.69,0.207394
225.701,0.241811
225.703,0.217403
225.744,0.237814
225.802,0.27668
225.907,0.230246
226.011,0.238414
226.075,0.233011
226.243,0.219954
226.309,0.220866
226.345,0.221658
226.405,0.236377
226.435,0.235848
226.492,0.214071
226.535,0.217828
226.594,0.235858
226.689,0.19651
226.725,0.219063
226.763,0.20678
226.773,0.242295
226.773,0.262428
226.849,0.254653
226.864,0.227887
226.873,0.177318
226.896,0.219572
226.897,0.232667
226.94,0.215778
226.991,0.229545
227.013,0.225313
227.051,0.25224
227.135,0.294298
227.138,0.200385
227.149,0.240201
227.213,0.223521
227.297,0.226163
227.35,0.234918
227.372,0.225902
227.388,0.212092
227.425,0.236321
227.453,0.230082
227.583,0.238821
227.621,0.245375
227.626,0.255832
227.638,0.255785
227.769,0.225318
227.798,0.212693
227.802,0.237924
227.84,0.186287
227.901,0.244345
227.919,0.225736
227.935,0.188943
227.965,0.242666
228.004,0.258153
228.016,0.274229
228.113,0.25147
228.212,0.221559
228.234,0.173364
228.267,0.206826
228.272,0.219351
228.301,0.212261
228.433,0.194886
228.512,0.272359
228.581,0.209323
228.829,0.19835
228.907,0.198977
229.077,0.207312
229.244,0.211514
229.395,0.249565
229.418,0.241887
229.451,0.24078
229.553,0.204209
229.569,0.232356
229.629,0.259462
229.631,0.234166
229.646,0.216174
229.684,0.214493
229.805,0.231738
229.931,0.23876
229.942,0.248561
229.974,0.245866
229.987,0.245171
229.997,0.222119
230.054,0.251786
230.096,0.253792
230.11,0.277825
230.128,0.244362
230.162,0.257443
230.275,0.206714
230.379,0.201988
230.389,0.185291
230.412,0.200619
230.442,0.25491
230.484,0.230779
230.594,0.288752
230.595,0.192545
230.606,0.195785
230.654,0.192962
230.706,0.229337
230.758,0.23633
230.914,0.26622
230.961,0.243825
231.006,0.230812
231.194,0.21931
231.241,0.210036
231.328,0.207759
231.344,0.206134
231.422,0.236641
231.424,0.21141
231.43,0.248827
231.499,0.248562
231.567,0.252379
231.597,0.235266
231.608,0.241862
231.711,0.207808
231.732,0.234608
231.761,0.255843
231.783,0.25058
231.848,0.222444
231.858,0.225645
231.86,0.249688
231.932,0.236462
231.94,0.252622
231.99,0.199778
232.028,0.229717
232.172,0.230509
232.25,0.244536
232.336,0.248595
232.382,0.22212
232.436,0.198891
232.445,0.248255
232.489,0.20552
232.496,0.223224
232.56,0.212629
232.629,0.222589
232.7,0.230883
232.724,0.255784
232.738,0.216013
232.765,0.245874
232.775,0.25426
232.835,0.218779
232.848,0.234511
232.896,0.224763
232.899,0.234596
232.909,0.23578
232.913,0.29821
232.921,0.243498
232.984,0.238445
232.991,0.242325
233.003,0.27129
233.103,0.256301
233.159,0.230306
233.213,0.247592
233.225,0.257932
233.248,0.210331
233.367,0.257617
233.448,0.237535
233.455,0.227019
233.462,0.178337
233.537,0.260976
233.578,0.256274
233.592,0.239671
233.731,0.194354
233.863,0.243116
233.966,0.282086
234.002,0.257232
234.158,0.222913
234.279,0.238846
234.327,0.197219
234.362,0.21202
234.365,0.256261
234.472,0.21483
234.588,0.253311
234.646,0.219423
234.698,0.26378
234.708,0.240898
234.714,0.244236
234.719,0.198728
234.769,0.195282
234.77,0.225567
234.802,0.235191
234.962,0.188685
234.969,0.231887
235.02,0.211681
235.056,0.247514
235.116,0.220334
235.227,0.196372
235.349,0.228317
235.49,0.210604
235.51,0.185719
235.607,0.174605
235.701,0.240133
235.717,0.214288
235.769,0.204141
235.905,0.266428
235.975,0.245053
235.983,0.237992
235.988,0.211399
235.99,0.246962
235.993,0.229225
236.015,0.237539
236.043,0.234234
236.067,0.248584
236.072,0.262188
236.091,0.212872
236.091,0.243805
236.104,0.19155
236.257,0.260309
236.269,0.236364
236.31,0.262506
236.355,0.264247
236.403,0.265194
236.573,0.241411
236.6,0.23485
236.753,0.215786
236.826,0.203766
236.973,0.265608
237.043,0.293187
237.098,0.243918
237.143,0.211149
237.165,0.264133
237.203,0.229844
237.219,0.26472
237.359,0.23004
237.407,0.204025
237.42,0.201709
237.454,0.205901
237.494,0.24089
237.563,0.175972
237.616,0.203381
237.617,0.203668
237.651,0.20724
237.658,0.215354
237.678,0.207145
237.729,0.264718
237.741,0.215832
237.747,0.244018
237.802,0.177732
237.802,0.19671
237.843,0.229495
237.899,0.19067
238.111,0.22736
238.137,0.224823
238.242,0.221926
238.339,0.210902
238.363,0.199419
238.501,0.231463
238.664,0.230885
238.74,0.212682
238.805,0.226978
238.816,0.206071
238.819,0.221318
238.877,0.261217
238.899,0.23547
238.912,0.235437
238.979,0.19391
239.035,0.200765
239.042,0.234488
239.084,0.19172
239.086,0.201735
239.091,0.268594
239.237,0.209255
239.427,0.227752
239.495,0.247655
239.535,0.260691
239.542,0.197607
239.555,0.256306
239.583,0.172499
239.721,0.262093
239.764,0.252723
239.772,0.236962
239.791,0.224551
239.819,0.254032
239.847,0.24201
239.946,0.242288
239.957,0.243416
240.073,0.249139
240.073,0.24277
240.163,0.211091
240.253,0.218396
240.396,0.226727
240.47,0.253405
240.502,0.233678
240.536,0.256042
240.588,0.226896
240.657,0.271678
240.726,0.275584
240.772,0.206123
240.789,0.25446
240.795,0.216945
240.795,0.27261
240.798,0.274234
240.86,0.180102
240.886,0.223956
241.014,0.225805
241.025,0.237258
241.044,0.189162
241.046,0.219499
241.374,0.213203
241.387,0.227678
241.396,0.258735
241.423,0.210597
241.515,0.226216
241.542,0.261505
241.554,0.264506
241.584,0.211191
241.684,0.243338
241.757,0.199113
241.809,0.200224
241.83,0.189668
241.913,0.215923
241.988,0.224744
242.124,0.229542
242.212,0.235289
242.361,0.235196
242.416,0.260222
242.419,0.274098
242.542,0.239486
242.7,0.24125
242.742,0.206864
242.743,0.22376
242.785,0.241148
242.848,0.222467
242.926,0.205747
242.951,0.217497
242.963,0.216153
243.046,0.217954
243.057,0.226101
243.099,0.257698
243.137,0.252124
243.218,0.267302
243.227,0.215746
243.235,0.217573
243.463,0.292255
243.597,0.215527
243.627,0.227195
243.66,0.201472
243.701,0.259253
243.738,0.228821
243.749,0.235021
243.824,0.183208
243.933,0.246861
243.953,0.253424
243.978,0.211822
243.985,0.23052
244.013,0.204329
244.12,0.24076
244.222,0.202412
244.281,0.228247
244.653,0.249916
244.694,0.259288
244.709,0.253226
244.717,0.215872
244.818,0.214719
244.912,0.191861
245.052,0.251479
245.092,0.231483
245.18,0.232709
245.22,0.248927
245.235,0.235996
245.394,0.226249
245.421,0.271675
245.535,0.229551
245.598,0.237028
245.617,0.213179
245.663,0.200957
245.677,0.208166
245.682,0.196855
245.685,0.215965
246.061,0.231397
246.093,0.253029
246.167,0.215247
246.208,0.19739
246.364,0.205344
246.398,0.187497
246.401,0.250664
246.473,0.251955
246.561,0.221287
246.731,0.207023
246.922,0.200382
246.956,0.240339
247.183,0.26015
247.213,0.236693
247.378,0.235901
247.453,0.181473
247.542,0.221421
247.765,0.225816
247.785,0.226554
247.81,0.206218
247.827,0.269362
247.861,0.220131
248.074,0.197201
248.113,0.270224
248.212,0.210699
248.391,0.243276
248.57,0.23031
248.57,0.225074
248.604,0.17198
248.7,0.213013
248.89,0.237994
249.021,0.252544
249.081,0.20377
249.096,0.213687
249.2,0.224138
249.202,0.222362
249.399,0.198385
249.463,0.244503
249.534,0.243247
249.571,0.215027
249.576,0.231347
249.671,0.189832
249.69,0.232381
249.927,0.21441
249.993,0.267816
250.084,0.237386
250.245,0.253761
250.256,0.269183
250.262,0.200491
250.658,0.210306
250.702,0.209301
250.722,0.226857
251.067,0.259496
251.102,0.193441
251.203,0.205526
251.27,0.289047
251.422,0.200708
251.465,0.239227
251.726,0.210817
251.74,0.255141
252.098,0.212085
252.152,0.23912
252.259,0.201729
252.383,0.245506
252.586,0.197295
252.679,0.229137
252.686,0.194163
252.843,0.238955
252.929,0.203681
252.937,0.226265
253.099,0.219624
253.335,0.262892
253.38,0.207775
253.447,0.214037
253.597,0.281578
253.795,0.195105
253.847,0.227444
253.975,0.25548
254.168,0.22808
254.257,0.227933
254.498,0.226313
254.54,0.232213
254.611,0.223492
254.71,0.265442
254.73,0.216515
255.043,0.260706
255.154,0.205755
255.424,0.245236
255.516,0.22142
255.721,0.228864
255.824,0.230888
255.974,0.217757
256.021,0.234375
256.159,0.262951
256.226,0.219636
256.286,0.207693
256.301,0.204196
256.419,0.221441
256.7,0.182596
256.86,0.204427
257.036,0.216068
257.335,0.264851
257.353,0.237271
257.526,0.194823
257.583,0.254954
257.722,0.225216
257.791,0.246489
258.415,0.214734
258.552,0.220596
258.834,0.228808
259.008,0.219417
259.671,0.207208
259.768,0.237885
260.44,0.288532
261.661,0.254391
261.883,0.223595
262.279,0.239493
262.418,0.225311
262.889,0.199684
263.015,0.231063
263.866,0.217217
264.242,0.227864
264.423,0.227776
264.872,0.192917
264.89,0.275648
266.745,0.257446
267.006,0.251763
272.584,0.228615
281.75,0.183674
