variant,log2FC
L19W,1.094952121
A15Y,1.072458669
A182M,1.067029036
S281F,1.067029036
V157K,1.067029036
A148M,1.067029036
T186C,1.067029036
T186W,1.067029036
S51D,1.067029036
L196N,1.067029036
N98Q,1.067029036
K109Y,1.067029036
A16M,1.067029036
L19Q,1.065112695
L19A,1.064585721
V8S,1.062300049
Y103W,1.0618851740000002
T262Y,1.060920749
K190D,1.0596529609999998
T112Q,1.059511151
S122M,1.058884685
A211D,1.058530502
V29N,1.055182672
Q274T,1.054812461
L196K,1.054812461
L19K,1.054812461
L160L,1.053874348
I171N,1.053548681
L199I,1.05306725
Q97F,1.05306725
L19C,1.051597547
V29W,1.050740237
Q97Y,1.048704173
F13M,1.048704173
V8Y,1.048113086
P60D,1.048065979
A280M,1.047482516
D33T,1.047482516
L196Q,1.047482516
A225M,1.047482516
H156I,1.047482516
H24N,1.047482516
A15T,1.04666811
E237M,1.046260858
H94I,1.045870416
T193K,1.045310702
D36K,1.045310702
L199G,1.045310702
T186E,1.044739161
K213A,1.044182477
D33H,1.044033141
N152Q,1.043573211
A16G,1.043573211
L19T,1.043384099
R273K,1.042595885
N98F,1.042595885
N173M,1.042595885
L19N,1.042595885
R202K,1.041897781
L196Y,1.041533532
T186M,1.04130992
D33Q,1.04115863
S122E,1.040966976
A182L,1.040374717
L199C,1.040374717
N152H,1.039881069
T112K,1.039792035
N152D,1.039663907
A15C,1.039541742
G39E,1.039408923
D250Q,1.039105463
L19S,1.039105463
L199V,1.038836894
K30C,1.038523661
L19F,1.038424365
L19Y,1.038424365
Y260F,1.038284118
R118W,1.038071257
Q203Q,1.037941308
G194G,1.037941308
T261M,1.03791723
R118H,1.037709255
T193V,1.036957496
T193Y,1.036957496
E102D,1.036957496
D33A,1.03674571
P60A,1.036274052
L49M,1.036166155
K32Q,1.035932281
I171E,1.03545388
T138V,1.035332007
D36G,1.035297703
V8K,1.03526594
P20Q,1.035116312
A15G,1.034966585
A16S,1.034960526
D36R,1.034848817
S104S,1.034734664
L19V,1.034685897
Q274W,1.034451534
V157D,1.034451534
I171H,1.034451534
I171Q,1.034451534
T193A,1.034451534
L196H,1.034451534
S2H,1.034451534
D129D,1.03412852
Q265S,1.033758317
A200H,1.033433454
T139E,1.033328098
E237P,1.033244928
N50D,1.033198505
G141G,1.033150391
A200N,1.033121785
T138R,1.033065197
V8F,1.032822625
T138Q,1.032535194
Q97E,1.032535194
R118A,1.032220201
L196I,1.032124521
Q37Y,1.032124521
H94H,1.031828896
L196R,1.031736718
L196T,1.031678958
T112Y,1.031489943
F22E,1.031489943
S122D,1.031193716
R202Q,1.030773368
A280E,1.030728313
A225Q,1.030728313
T138N,1.030663419
A15S,1.030447527
S122L,1.03037931
A15F,1.03037931
I54P,1.03022069
I171A,1.030202219
L199P,1.030148857
F58Y,1.029797606
G194T,1.029660682
I54V,1.029660682
P60G,1.029564904
D207A,1.029526984
E102Q,1.029439611
K284E,1.029239064
A182I,1.029197039
R41K,1.029197039
T138K,1.029132731
T186F,1.029021902
Q265K,1.029021902
R118Y,1.028889474
N173W,1.028785878
T193S,1.028450362
H24A,1.028343247
L19I,1.028223427
M180Q,1.027935995
H156K,1.027935995
N50M,1.027935995
S122N,1.02762071
Q97R,1.027307281
S68S,1.027290257
Q274L,1.027164396
W163F,1.027047508
A182V,1.027009197
H285T,1.026864943
L192I,1.026786171
D207S,1.026786171
T112W,1.026786171
A15M,1.026726945
T138A,1.026521413
A200D,1.02651594
R41H,1.026505776
H151W,1.026307086
R118N,1.026307086
T112E,1.026307086
V29G,1.026236327
M180S,1.025999814
S201H,1.02587843
N152E,1.02587843
A222C,1.02568062
D269E,1.025616898
N98T,1.025616898
A246M,1.025566761
K30T,1.025566761
Q37K,1.025566761
Q97V,1.025313927
T138E,1.025143677
Q37N,1.025143677
A222R,1.02502112
T193N,1.02486983
D36A,1.02486983
T112R,1.02486983
Q86S,1.024853997
I283Y,1.0246168
E145N,1.024536562
Q37V,1.024536562
N152R,1.024536562
E145G,1.024461014
T112L,1.024427688
A182F,1.024271022
H151K,1.024271022
F22H,1.024271022
M180E,1.024122078
E237S,1.024122078
H285F,1.024026691
V21C,1.023990823
N98L,1.023844908
T131G,1.023770338
A16V,1.023747469
E46E,1.0235926990000002
L55M,1.023592367
D33R,1.023592367
Q203E,1.023592367
L199E,1.023592367
G90E,1.023445573
L196S,1.023445573
R118E,1.023425244
S281A,1.023282066
D36L,1.023217856
R238N,1.023217856
T193G,1.022816663
T193R,1.02274395
I171M,1.02260517
G90K,1.02260517
G39K,1.02260517
K32M,1.02260517
H156A,1.02260517
F17V,1.02260517
L19H,1.02260517
H24K,1.022449287
S254Q,1.022375303
S80Y,1.022251183
L196A,1.0222349590000002
A9S,1.0222349590000002
A225P,1.022082496
L192M,1.021921726
M153C,1.021921726
M153W,1.021921726
I206Y,1.021921726
E61G,1.021921726
H5M,1.021921726
R189Y,1.021653157
A15W,1.021572039
A148R,1.021532848
A222K,1.021420455
N50G,1.021420455
K144E,1.021420455
K144S,1.021323211
A280Q,1.021037246
D33Y,1.021037246
R118S,1.021037246
T112D,1.021037246
N98E,1.021037246
H24T,1.021037246
G251N,1.020877551
N173L,1.020877551
S281V,1.0207346659999998
A280K,1.0207346659999998
I171V,1.0207346659999998
M180T,1.020668696
T186L,1.020623642
E108E,1.02057291
M67A,1.0205349
E61H,1.0205349
I171L,1.020527277
T139A,1.020489748
H24V,1.020287344
P20D,1.020287344
E166W,1.020227531
R41R,1.020220409
N152Y,1.020117387
E166Y,1.020066663
R92V,1.020031968
A225N,1.020018384
R118G,1.020006753
I206L,1.019972645
E210I,1.019972645
A148S,1.019953685
S254A,1.019928958
Q37A,1.019907946
L247M,1.019739064
E270D,1.019739064
D36W,1.019739064
E237G,1.01965257
D36T,1.019558943
N173Q,1.019558943
L196E,1.019415764
Q97M,1.019354584
V21A,1.019326241
S57A,1.019273368
A148N,1.019140061
A9T,1.019005287
K53T,1.018920358
D250N,1.018870905
Q88H,1.018829857
T186I,1.018646511
E166S,1.018550538
K190E,1.018499717
E237A,1.018484177
E175P,1.018448505
E175V,1.018424951
L47I,1.018162735
E46S,1.018162735
S281Y,1.018162735
Q204M,1.018162735
V101T,1.018162735
G251H,1.018162735
R202T,1.018162735
D33C,1.018162735
E119Q,1.018162735
V29Q,1.018162735
D36F,1.018162735
T138H,1.018162735
A225K,1.018162735
Q37D,1.018162735
L199N,1.018162735
H156G,1.018162735
E102P,1.018162735
N98R,1.018162735
K109M,1.018162735
K144D,1.018162735
E195N,1.018162735
Q265G,1.018162735
Q265H,1.018162735
A16L,1.018162735
S2I,1.018162735
A200S,1.017789689
R238H,1.017609568
E175M,1.017587871
V8T,1.017474502
A200Q,1.017433356
K53N,1.017387031
N173D,1.017374521
R189Q,1.017334451
K144A,1.017257828
I45V,1.017240725
V106I,1.017223036
R238M,1.017123055
T186V,1.017060506
E166D,1.017060506
H156Y,1.0170263000000002
D36I,1.016909705
A9P,1.016841976
S2N,1.016766527
A148D,1.016731538
A23G,1.016725479
A211A,1.016651251
S281E,1.016586405
A182R,1.016522879
Q265A,1.016417523
G194S,1.016374912
E237N,1.0163528240000002
A148E,1.016318716
V8N,1.016283239
M66V,1.016275225
M184I,1.0162463940000002
A182Y,1.016208082
S254K,1.016154525
E61Q,1.016126671
K144N,1.016126671
D33V,1.016038125
A84N,1.016038125
N98A,1.016038125
K252E,1.015705737
A211Q,1.015590803
I171W,1.015590803
S51T,1.015590803
Q203M,1.015590803
A9Y,1.015590803
V106L,1.015521315
E61M,1.015497273
Q265L,1.015447918
K144G,1.015335721
L49F,1.015288223
A280I,1.015288223
Q203H,1.015288223
D250H,1.015288223
E166F,1.015170944
N152S,1.015170944
Q203R,1.015123251
V29A,1.015108591
H156D,1.015108591
K284T,1.01508103
N98S,1.015069889
E175T,1.015065588
S281T,1.0150245409999998
A182K,1.014975772
R238C,1.014920455
T27V,1.014905014
S254C,1.014905014
E210V,1.014905014
D36V,1.014905014
E26L,1.014905014
N50P,1.014905014
E195H,1.014905014
E61D,1.014805522
A266L,1.014792621
Q204E,1.014792621
Q86V,1.014792621
P12I,1.014707496
R176K,1.014672312
K284D,1.014672312
N152T,1.014587187
A15L,1.014543012
M180C,1.014497762
V42F,1.014403743
S281K,1.014403743
A222Q,1.014403743
P217K,1.014403743
N50E,1.014403743
V8C,1.014403743
I206M,1.014304838
A246L,1.01425343
K190T,1.014200557
L219I,1.014173681
R92I,1.014157262
F22W,1.01409051
F149W,1.013974208
Q204L,1.013974208
E237Q,1.013876183
I3N,1.013819107
Q86I,1.013773563
E145A,1.013760369
T193M,1.013720299
D207E,1.013720299
D36C,1.013720299
I3K,1.013720299
Q4E,1.013720299
S96S,1.01359188
K190N,1.0135815190000002
N98K,1.013508806
D207Y,1.013433747
T186R,1.013395338
T112I,1.013276104
K252H,1.013276104
Q4N,1.013276104
S254T,1.013176417
A225T,1.013072527
S96N,1.013018872
A15V,1.012988673
T267P,1.012944009
N173E,1.0129271009999998
L47V,1.012900225
N173G,1.012889376
M180K,1.0128798959999998
G90D,1.0128639659999998
K109R,1.01284569
P217A,1.012840706
A230C,1.012733102
T262H,1.012733102
V106E,1.012733102
A211R,1.012733102
I171K,1.012733102
D33K,1.012733102
P217M,1.012733102
A200E,1.012733102
V29I,1.012733102
H151A,1.012733102
Q37L,1.012733102
N98H,1.012733102
R7Q,1.012733102
L100L,1.012592475
T112S,1.012578
E270T,1.012524345
P12M,1.0124805609999998
D250E,1.012473817
I171G,1.012375889
E26T,1.012298778
E108V,1.012298778
T186A,1.012265061
I171T,1.012239552
E145K,1.012239552
K53A,1.012225674
K109S,1.012225674
K213Q,1.012203391
S80K,1.012179154
D99E,1.012179154
L73I,1.012054447
F58W,1.012054447
A225H,1.012054447
Q265E,1.012054447
F22C,1.012054447
K144R,1.012032555
I3P,1.011708669
R189K,1.011647195
A225E,1.011598622
A276S,1.011559138
A222S,1.011516918
H156N,1.011455639
K53I,1.0113966090000002
L135I,1.011375792
T186G,1.011321452
E175Q,1.011316761
E166L,1.011275518
E175A,1.011275518
Q204C,1.011181792
V157Q,1.011181792
A148L,1.011181792
A280D,1.011181792
G39A,1.011181792
T193H,1.011181792
I54L,1.011181792
D113T,1.011181792
Q37F,1.011181792
L199Q,1.011181792
H94M,1.011181792
K109G,1.011181792
K284Y,1.011181792
N173R,1.011181792
P20K,1.011181792
H151R,1.011054935
Y95F,1.011011542
K190R,1.01099571
A200G,1.010918403
H94T,1.010905405
P60E,1.010758708
D269A,1.010716487
D33I,1.010644849
D113E,1.010644849
E175D,1.010520143
E61Y,1.010509001
A185G,1.010447039
T267D,1.010388595
E175H,1.010344126
A225D,1.010309236
D207G,1.010281089
H94V,1.010251085
Q203K,1.010207789
L10T,1.010166448
H285N,1.010121491
A148G,1.010061875
A211E,1.010018384
E169S,1.010018384
V29D,1.010018384
V29E,1.010018384
T112P,1.010018384
A16C,1.010018384
K252V,1.009971276
Q88A,1.009906773
L160V,1.00986465
L191M,1.009819693
L111V,1.009819693
R81K,1.009819693
N173C,1.009819693
Q97P,1.009650518
N50T,1.009644752
E166M,1.009630483
I206A,1.009539298
V8H,1.009539298
R238F,1.009492875
G76A,1.009475381
A280S,1.009475381
I206V,1.009460526
Q97K,1.009460526
D250S,1.009451828
E175I,1.009303958
I171C,1.009277961
N173A,1.009277961
A170V,1.009219029
Q265T,1.009215412
A148Q,1.009187265
E169W,1.00911338
N98I,1.009052101
Q37E,1.009000303
T138T,1.008987895
N98Y,1.008917719
A84T,1.008884294
H24G,1.008884294
M153S,1.008765354
G251K,1.008660975
Q97L,1.0085909990000002
I171R,1.008564025
D36E,1.008522488
A222T,1.008460037
F70M,1.008389474
A222N,1.008389474
V157N,1.008389474
A211H,1.008389474
A211N,1.008389474
A280V,1.008389474
D33N,1.008389474
T193E,1.008389474
L196C,1.008389474
E26I,1.008389474
K32A,1.008389474
K32R,1.008389474
Q37M,1.008389474
T112H,1.008389474
H94Y,1.008389474
K213M,1.008389474
R273E,1.008389474
N152A,1.008389474
K284R,1.008389474
A9M,1.008389474
C18T,1.008389474
L19G,1.008389474
Q4H,1.008389474
R7T,1.008389474
S2L,1.008389474
Q86A,1.008173485
H24S,1.008138888
A266C,1.008020631
A148T,1.007989161
K109A,1.007982222
K284S,1.007825655
E169A,1.007765647
I171Y,1.007748642
M180Y,1.00769137
S122Q,1.00769137
N152G,1.00769137
A40G,1.007622957
T138S,1.007583473
Q203T,1.007539591
M180H,1.007435995
I171S,1.007412148
T186H,1.0073956309999998
M153L,1.007303567
P60K,1.007303567
Q204T,1.007303567
A148K,1.007303567
S122Y,1.007303567
K190S,1.007303567
K109Q,1.007303567
E195G,1.007303567
Q97H,1.00723965
M180V,1.007173681
T186Q,1.007167817
S80H,1.00712843
L196W,1.00712843
H94F,1.00712843
S281I,1.007017797
A15I,1.007017797
A225V,1.006950948
A225G,1.006917328
Q204N,1.006885858
S254M,1.006885858
G39N,1.006885858
E145H,1.006885858
V8I,1.006885858
A84G,1.006782946
T186D,1.006760565
I93V,1.00675343
S254H,1.006725968
S233T,1.006700264
S221S,1.00661055
E175L,1.00655904
I45F,1.0065278640000002
A276H,1.0065278640000002
F13A,1.0065278640000002
V8L,1.0065278640000002
L196V,1.006462383
M67C,1.006410096
E169G,1.006375889
H151Y,1.006367387
H94K,1.006367387
P172A,1.006328978
M180A,1.006302004
K109E,1.006244146
T193I,1.00621766
L55I,1.006176613
R118T,1.006123251
L282M,1.005946159
A77C,1.005946159
A77Q,1.005946159
G39R,1.005946159
R273G,1.005946159
Q97S,1.005946159
A16H,1.005946159
H5K,1.005946159
I11C,1.005946159
Q97T,1.00566205
D250A,1.005655307
L167I,1.005597156
T112N,1.005597156
A225S,1.005568325
N173K,1.005534412
A84Q,1.005493657
T112V,1.005493657
F14I,1.005457496
L223C,1.005427883
A280R,1.005414982
E102A,1.005414982
A266S,1.005372273
Q274A,1.005303176
E166N,1.005303176
K252M,1.005303176
Q265F,1.005303176
H24D,1.005303176
E277T,1.0052275309999998
P25H,1.0052275309999998
T267S,1.00516938
E237D,1.005164591
A222I,1.005131753
A148C,1.005131753
M153A,1.005052297
R118C,1.00500646
Q37R,1.00498535
F228Y,1.004835526
L111I,1.004835526
G90T,1.004835526
E166I,1.004835526
T186S,1.004766918
A200C,1.004756949
S221K,1.004724502
H94R,1.004693129
K144T,1.004626964
T139I,1.00448017
L10A,1.00448017
L146M,1.004379896
L223T,1.004379896
N50Y,1.004379896
N152K,1.004332692
R189A,1.00429526
A222V,1.004238477
A266M,1.004200948
K284L,1.004200948
S2T,1.004200948
L191L,1.004180693
E61R,1.004131851
S254N,1.004045846
T267G,1.004045846
R189S,1.004020925
A211C,1.003975772
Q203V,1.003975772
A200R,1.003953391
K213R,1.003950655
A266K,1.003935799
G90A,1.003929838
D250K,1.003833473
I206F,1.003790276
Q37S,1.003790276
H94W,1.003790276
A222E,1.003743168
A124A,1.003716137
E145R,1.003655502
S281Q,1.003634881
L111T,1.003634881
N173S,1.003338165
E270K,1.003290373
T138G,1.003290373
E195D,1.003290373
A246I,1.003245612
S122I,1.003203685
Q97I,1.003203685
S240A,1.003190197
D269G,1.003190197
H94Q,1.003187559
L160I,1.003126964
T186N,1.003126964
T186Y,1.003126964
R189H,1.003126964
E237R,1.003126964
T112G,1.003126964
K284A,1.003126964
P60S,1.00309872
I45C,1.002997371
H156C,1.002997371
Q97A,1.002969029
A148Y,1.00280474
K190G,1.00280474
P12C,1.00280474
D250R,1.002772684
S96T,1.002766527
L188F,1.002731245
Q86L,1.002731245
K252R,1.002684724
Q88S,1.002655796
V42L,1.002649638
A170G,1.002640452
F228F,1.002595167
Q86T,1.002567152
P12F,1.002567152
L196M,1.002488673
A225I,1.002488673
A211S,1.002426124
H156Q,1.002426124
Q88E,1.002375205
Q88N,1.002323309
L135L,1.002287225
P12H,1.002228118
T198S,1.002147684
E175Y,1.002128528
V31C,1.001873935
A77N,1.001873935
E46T,1.001873935
Q274E,1.001873935
S281H,1.001873935
L49V,1.001873935
I206W,1.001873935
T139Q,1.001873935
G216Q,1.001873935
A280N,1.001873935
S254E,1.001873935
S122K,1.001873935
L111M,1.001873935
D33G,1.001873935
D207Q,1.001873935
E119D,1.001873935
L196F,1.001873935
Q203N,1.001873935
D36S,1.001873935
E26A,1.001873935
Q86D,1.001873935
T112A,1.001873935
S2Q,1.001873935
S221T,1.001833669
A182G,1.00169097
S57S,1.001655125
E237L,1.001629007
K53S,1.001503714
D269S,1.001495113
S96G,1.001339914
A225C,1.001326427
N173F,1.0013122559999998
A170S,1.001281665
M153I,1.001209148
L167V,1.001180805
E61T,1.00115002
E175W,1.001016615
A148I,1.000823104
A280H,1.000823104
E195Q,1.000823104
I206T,1.000769644
E270M,1.000710516
D269Y,1.000710516
A34S,1.000644644
R118Q,1.000644644
T138M,1.000570856
H94N,1.000570856
V8Q,1.000570856
E166Q,1.0005388000000002
Q88D,1.00053059
H151Q,1.000516517
A182S,1.000441947
A170C,1.000393178
E169T,1.000393178
M115L,1.000322615
K144I,1.000322615
D250G,1.000295348
M127W,1.000284793
K252A,1.000284793
L219L,1.00023522
V42I,1.000224492
P249K,1.000159304
E169L,1.000159304
K213L,1.00011982
N50S,0.999979867
M67G,0.999837862
T261V,0.999837862
G85G,0.999638972
I244V,0.999612295
Q86H,0.99957975
D207T,0.999547009
D36Y,0.999478597
H24R,0.999478597
I259V,0.999415266
V72P,0.999367963
A148H,0.999367963
K190H,0.999367963
A225Y,0.999367963
E175N,0.999367963
K109L,0.999367963
Q4S,0.999367963
P12A,0.999314308
A266G,0.999227033
A148V,0.999221071
D36N,0.999214523
H151N,0.999214523
I171F,0.999159206
A266R,0.999113174
Q265I,0.999041145
W163M,0.998965207
I171D,0.998912334
Q203G,0.998912334
H151G,0.998912334
Q265R,0.998854574
F22L,0.998784695
R238Y,0.998776388
S57M,0.998771306
S96E,0.998771306
A211G,0.998733972
P172D,0.998721267
L223V,0.998711102
C75V,0.998616204
A182W,0.998616204
G90M,0.998616204
G90N,0.998616204
R159K,0.998616204
T267E,0.998616204
H94L,0.998616204
Q97D,0.998616204
Q97G,0.998539289
K252S,0.998439601
A276R,0.998428264
T198K,0.998408229
A246V,0.998393667
S221R,0.99827844
Q37H,0.998254203
F13L,0.998188135
A182C,0.998172009
E61N,0.998115031
P172E,0.998092651
K53H,0.998041341
Q4R,0.997956998
K53R,0.997948984
L150I,0.997925137
S57E,0.997901095
M127E,0.997801798
K53M,0.997801798
R202S,0.997750195
A200P,0.997715109
K53L,0.997670446
R118F,0.997587471
H156R,0.997587471
H151L,0.997507916
Q88F,0.997456704
Q88Y,0.997411259
E169K,0.997380473
A34V,0.99736855
S281R,0.997219996
I206C,0.997219996
M180N,0.997219996
Q203S,0.997219996
D269H,0.997219996
R273A,0.997219996
K284Q,0.997219996
K144F,0.997219996
P20N,0.997219996
D269V,0.997160575
S96L,0.99713536
P25Q,0.997031372
V117I,0.996987295
S254G,0.996931196
F6K,0.996916536
S254D,0.996900313
P12Y,0.996862002
S122F,0.996661552
E237K,0.996585418
K144L,0.996570661
D33D,0.996526055
G194D,0.996513096
P60M,0.99644439
D33L,0.99644439
P217Q,0.99644439
S221Q,0.99644439
L282V,0.996409304
D99Q,0.996360829
E56G,0.996343335
E61K,0.996189308
K109T,0.996172889
R238K,0.996150899
A84L,0.996125
M67N,0.996072518
P253A,0.996056587
S221A,0.996050919
A84V,0.995983581
G39S,0.995950743
S51E,0.995950743
R189W,0.995950743
T267Q,0.995950743
Q37W,0.995950743
Y95Y,0.995827742
K53V,0.995784695
R7H,0.995668686
A211L,0.99560907
R176Q,0.995568608
T186K,0.995517396
K53Y,0.995517396
N50K,0.995474785
P60H,0.995403049
E195E,0.99536007
I45M,0.995358483
K190A,0.995358483
E145M,0.995358483
I3L,0.995289093
M127T,0.995256646
L196P,0.995256646
D269I,0.995256646
L49I,0.99516683
E169Q,0.995112588
E169D,0.995100371
P20R,0.995015539
Q4Y,0.995015539
T126S,0.994951231
A200K,0.994791927
W163V,0.994791927
T198N,0.994747654
Q86Y,0.99463448
T267A,0.994493061
G90S,0.994469996
K144Y,0.994427678
A183V,0.994125782
P60Q,0.99407369
Q88T,0.99407369
I3Y,0.994055317
S80F,0.99402111
K144Q,0.993957877
A225R,0.993819781
T187D,0.993729574
S264T,0.993729574
A182T,0.993729574
A183Q,0.993729574
L49Y,0.993729574
G194Q,0.993729574
V106M,0.993729574
V157A,0.993729574
L28H,0.993729574
R81N,0.993729574
H285Y,0.993729574
E169F,0.993729574
E210Q,0.993729574
E26K,0.993729574
E277R,0.993729574
D113N,0.993729574
Q37T,0.993729574
L199H,0.993729574
H156T,0.993729574
R273T,0.993729574
R273Y,0.993729574
E61W,0.993729574
E195S,0.993729574
C18W,0.993729574
I3H,0.993729574
P25E,0.993729574
P12S,0.993626466
I206S,0.993466869
A230A,0.993425476
S57Q,0.99339484
K252C,0.993375489
D113A,0.993268569
N173T,0.993268569
K190Y,0.993186572
L73V,0.993086591
L282I,0.993069195
A225L,0.993044566
S96A,0.993039386
E61L,0.993013976
S96R,0.993001759
I45L,0.992989152
E145C,0.992989152
D269N,0.992989152
Q265V,0.992941358
T261I,0.992887018
Q204A,0.992887018
V157E,0.992887018
P217D,0.992887018
A84H,0.992887018
E166K,0.99281108
G226N,0.992752245
P12W,0.992752245
A84E,0.992667218
E237C,0.992667218
T131S,0.992566064
F13T,0.992487194
L196G,0.992443605
R92L,0.992387116
P12T,0.992313132
K30A,0.992292315
H151V,0.992292315
S2Y,0.992292315
L192F,0.992170052
D250F,0.99214298
S80Q,0.992131154
I11W,0.992100662
E145S,0.992069094
L188I,0.992056095
D33E,0.992024919
E26G,0.992024919
D269L,0.992017686
E270C,0.991850075
E175K,0.991850075
N98G,0.991850075
S2M,0.991850075
S240G,0.991774919
L188V,0.991752734
R271L,0.991748531
A211K,0.991508402
G90Y,0.991508402
A266V,0.99148436
R118L,0.991402558
V29C,0.991365028
N50H,0.991365028
E35E,0.991355489
Q86E,0.991315185
P172T,0.991280294
E175S,0.991276483
E56A,0.991242374
R189F,0.991236412
N50A,0.991236412
P60T,0.991223609
D250M,0.991217745
I93L,0.991188523
E175R,0.99111669
Q274K,0.991014755
E56D,0.991014755
V101D,0.991014755
S57K,0.991014755
T138Y,0.991014755
R92K,0.991014755
N50F,0.991014755
N50R,0.991014755
L150V,0.990941947
Q86K,0.990892787
W163Y,0.990830727
P172L,0.990760066
L47M,0.990749902
A183T,0.990724394
D269Q,0.99071726
D250C,0.990567631
H24E,0.990542611
A200T,0.990471853
T138D,0.990471853
G226G,0.990442958
V82V,0.990415269
E270A,0.99034656
E270Q,0.99034656
S122A,0.990239152
T138C,0.990239152
E175C,0.990239152
E237Y,0.990239152
E102M,0.990239152
Q265D,0.990239152
T139V,0.990124707
S122V,0.990124707
D207R,0.990027561
I275F,0.989970582
K252Y,0.989928851
S80W,0.989871677
V157I,0.989871677
S122H,0.989871677
V29T,0.989871677
Q88W,0.989871677
S122G,0.98982027
I125L,0.989788702
H5Y,0.989788702
W163I,0.989752052
S57R,0.989734167
H110K,0.989657349
D269T,0.989657349
A9F,0.989517005
T267K,0.989480356
E166V,0.989447518
I45T,0.989417807
I206K,0.989417807
E277I,0.989417807
K109N,0.989344116
K53E,0.989287138
A246C,0.989174257
E270V,0.989136923
A148A,0.989126446
P172V,0.989090403
E46Q,0.988842944
A276Q,0.988842944
Q274H,0.988842944
Q274Y,0.988842944
I206Q,0.988842944
I206R,0.988842944
K30M,0.988842944
S51N,0.988842944
D99M,0.988842944
D207K,0.988842944
E270S,0.988842944
E210C,0.988842944
I54F,0.988842944
E108I,0.988842944
Q37I,0.988842944
L199A,0.988842944
K213H,0.988842944
K284N,0.988842944
E195T,0.988842944
F17Y,0.988842944
M180R,0.988787236
A84S,0.98866683
S122R,0.988639367
M180I,0.988493941
R118D,0.988459636
Q203A,0.988439894
S57H,0.988418002
R238Q,0.988309226
G194E,0.988299941
V157R,0.988299941
V8R,0.988244625
G251A,0.988224883
L160M,0.988212373
D113Q,0.988091185
S51S,0.988072525
S96Q,0.987912138
A84R,0.987912138
H5Q,0.987853206
L111L,0.987852188
E145V,0.987844214
I283V,0.987770231
A266E,0.98769312
G226T,0.987621286
K190Q,0.987621286
F22S,0.987621286
P20E,0.987621286
M268L,0.987479281
Q4K,0.987395035
P60R,0.98737412
D250L,0.987332877
L28M,0.987299844
A170Y,0.987247263
A280G,0.987247263
A230G,0.987228987
E61V,0.987209636
Q88K,0.987197909
R189C,0.987191165
L10M,0.98706597
M127V,0.986958952
I11V,0.986932369
Q88R,0.98689269
D207L,0.986838155
A266Q,0.986800723
P60I,0.986748632
S80N,0.986726446
K190V,0.986700841
S281C,0.98667113
S96W,0.98667113
G90H,0.98667113
D113K,0.98667113
K53Q,0.986616106
T187S,0.986590696
E166G,0.986559715
S281N,0.986543393
M153T,0.986543393
A222M,0.986543393
A16Q,0.986543393
Q86R,0.98648016
P172S,0.986447224
E166R,0.986421814
A182H,0.986399629
L10V,0.986399629
T193L,0.986293393
E102T,0.986293393
E56T,0.986236708
S254V,0.986192533
K144C,0.986146892
S221H,0.986110633
S281L,0.986050625
K213C,0.985982506
D269K,0.985955434
A266T,0.985805317
S96D,0.985796716
T139S,0.9857155
H110H,0.985587601
A77Y,0.985585223
A276F,0.985585223
V101I,0.985585223
T198H,0.985585223
E270I,0.985585223
Q203L,0.985585223
K32H,0.985585223
H156E,0.985585223
A9H,0.985585223
F22Q,0.985585223
L150C,0.985528831
N173Y,0.985443511
M66L,0.985330629
E145Q,0.98531812
K252I,0.98531812
L199R,0.985288995
R238G,0.985275508
V29L,0.985252737
P172Q,0.985226446
P60V,0.985003421
I275V,0.984844801
I45A,0.984727912
K32S,0.984727912
N98V,0.984727912
Q265Y,0.984727912
A9K,0.984727912
F17T,0.984727912
K144M,0.984654418
S80M,0.984627052
R255K,0.984627052
A133G,0.984603987
N50L,0.984567142
L167M,0.984461787
T267N,0.984260262
K144V,0.984151779
P172M,0.984104378
S221N,0.984069977
P172I,0.984069977
D48E,0.98402326
H94S,0.984008894
E108G,0.983923084
Y44F,0.983824277
E87M,0.983668882
I125V,0.983637608
G39D,0.983630571
A183H,0.98359871
I54T,0.98359871
P12N,0.98359871
G85H,0.983549062
E277D,0.983512119
E175F,0.983441947
W163C,0.983392494
E56K,0.983383991
A276K,0.98325821
Q204S,0.98325821
V157S,0.98325821
D207W,0.98325821
R159H,0.98325821
E270F,0.98325821
H151E,0.98325821
D269F,0.98325821
R273L,0.98325821
K109D,0.98325821
E195R,0.98325821
Q265M,0.98325821
A9I,0.98325821
N173H,0.983093921
E61A,0.983079261
T178S,0.982998436
D250Y,0.982950254
K30L,0.982933542
L55Y,0.982933542
L223I,0.982922596
L188M,0.982776779
T126E,0.982776779
A200Y,0.982776779
A246Y,0.98269527
Q88L,0.982631548
P60C,0.982623632
K109V,0.982623632
S80T,0.982607701
E61S,0.982575352
T126G,0.982568706
A246F,0.982531079
R189G,0.982526583
P12V,0.982503518
G90V,0.982359656
A77M,0.982327404
G90W,0.982327404
T198E,0.982327404
H156W,0.982327404
N152F,0.982327404
K252T,0.982241106
V31I,0.982204457
P12G,0.982204457
S57G,0.982186777
N50I,0.982155991
N50V,0.982155991
K30R,0.982113868
A246T,0.982100968
P253C,0.982044185
A9C,0.982044185
K252N,0.982022
D269M,0.98196551
K213S,0.981907066
E145T,0.981826241
S80G,0.9817418
H94E,0.981735154
S254R,0.98170691
S96H,0.981685115
H24Q,0.98165345
E277A,0.981593931
P12L,0.98157976
A280C,0.981513008
H110F,0.981513008
D207N,0.981513008
T138I,0.981513008
E237H,0.981513008
Q86M,0.981513008
H156L,0.981513008
H156S,0.981513008
F14M,0.981513008
L10I,0.981513008
S2F,0.981513008
S57Y,0.981428763
S57T,0.981354388
F13V,0.981325068
A183S,0.981249326
T139L,0.981024345
F149M,0.981024345
M67D,0.981013692
K252Q,0.98079438
S80A,0.980738966
E277N,0.980698602
T198Q,0.980660682
L223M,0.980612793
L191F,0.980573309
E108S,0.980573309
G226S,0.980482711
E102R,0.980465901
E169V,0.980402375
E270R,0.980308552
T198G,0.980257144
R238S,0.980256069
S221V,0.980179349
L120M,0.9801556
A170W,0.9801556
S281M,0.9801556
T116E,0.9801556
A266N,0.9801556
M180F,0.9801556
T147V,0.9801556
A84K,0.9801556
D207V,0.9801556
E108H,0.9801556
L199K,0.9801556
N98M,0.9801556
P25V,0.9801556
V8M,0.9801556
R92T,0.980070084
P172R,0.980014279
H94D,0.979973133
I275M,0.979767797
S96F,0.979767797
T267H,0.979767797
L199T,0.979767797
F14V,0.979733884
I54E,0.97958406
I54M,0.97958406
H151S,0.97958406
K213N,0.97951682
E166A,0.979476945
A280T,0.979450459
V8A,0.979450459
G251S,0.979427297
A222G,0.979416644
M153V,0.979406675
M127Q,0.979406675
Q265P,0.979406675
Q86N,0.979357125
Q203I,0.97932028
L167C,0.979269165
T262S,0.979269165
K32L,0.979269165
T126C,0.979069693
A84C,0.979069693
S221M,0.979069693
A183E,0.97895603
S80E,0.978831323
A84A,0.978772882
S80S,0.978748296
E169H,0.978693814
E145D,0.978693814
N152N,0.978665223
A124T,0.978653841
P172Y,0.97860429
H151T,0.97860429
S2K,0.97860429
V31L,0.978458864
A148F,0.978458864
D269R,0.978458864
E108R,0.978458864
M180G,0.978398954
L38M,0.978387813
I256L,0.978290276
T147R,0.978283337
T107S,0.978181206
L28V,0.978181206
P217N,0.978181206
V29M,0.978181206
L199F,0.978181206
Q97W,0.978181206
K284I,0.978181206
F22G,0.978181206
Q4C,0.978181206
L146F,0.977983786
E169R,0.977935799
E169N,0.977919869
E108K,0.977919869
T187N,0.977794967
S96K,0.977794967
Q88V,0.977794967
I125M,0.977721667
T198A,0.977698798
A170F,0.977673485
A280L,0.977673485
L79M,0.97757888
W163E,0.97757888
A77L,0.977440784
A182Q,0.977440784
A280W,0.977440784
T193F,0.977440784
A84I,0.977440784
L199S,0.977440784
H156V,0.977440784
E166T,0.977307281
E237T,0.977274638
I11F,0.977274638
L247I,0.97722069
E277L,0.97722069
W163L,0.977205444
T158S,0.977178079
M66I,0.977115041
Q204V,0.977070573
M268F,0.977070573
Q203D,0.977012129
S96V,0.976991898
L160A,0.976961699
F17I,0.976961699
V101A,0.976814318
G226H,0.976814318
Q37C,0.976814318
S122W,0.976626378
K213V,0.976626378
A9G,0.976589924
R189N,0.976535878
R41M,0.976535878
E210K,0.976535878
L73A,0.976482613
R271A,0.976447625
G90I,0.976447625
H110Y,0.976447625
K213I,0.976404232
R271T,0.976378528
A84D,0.976322918
L150M,0.976277375
A276C,0.976277375
T139D,0.976277375
N152C,0.976277375
N152L,0.976277375
K109I,0.976114943
Q204H,0.976083376
M127F,0.976036659
D250T,0.976003528
E277V,0.975874619
S80L,0.975829369
A77V,0.975811972
D113S,0.975811972
E102V,0.975811972
C18S,0.975811972
S80R,0.975761249
L247V,0.975705151
E56N,0.975705151
E56Q,0.975705151
I11M,0.975601749
T147S,0.975561386
N168G,0.975546726
I243V,0.975508219
L73M,0.97540472
D207M,0.97540472
D113Y,0.97540472
E102S,0.97540472
Q88M,0.97540472
P25T,0.975341781
E108D,0.975280014
Y44L,0.975235936
H285R,0.975235936
A200I,0.975219615
F13Y,0.975160389
D269C,0.975131167
R162N,0.975045455
M180W,0.975045455
H285C,0.975045455
G39Q,0.975045455
D113H,0.975045455
Q86G,0.974978606
A124S,0.974881167
K144P,0.974828489
Y95I,0.974579271
L160S,0.974543794
A200V,0.97453881
E87L,0.974462871
I283M,0.974440295
E62T,0.974440295
I54H,0.974440295
G216A,0.974308356
T267M,0.974308356
R271I,0.974183063
L196D,0.974183063
W163N,0.974183063
K32I,0.974183063
F13W,0.974183063
I3Q,0.974183063
V82C,0.974148368
E166C,0.974122762
M127L,0.974114259
Q274R,0.974063829
D113G,0.973995123
G76S,0.973950362
G39C,0.973950362
E169Y,0.973950362
G251D,0.973895631
E87I,0.973842172
G194P,0.973738868
S80V,0.973738868
T267R,0.973738868
N98D,0.973738868
F13I,0.973738868
R7P,0.973738868
I243L,0.973640061
V117L,0.973640061
G90Q,0.973545651
A133T,0.973368657
E195K,0.973368657
L137M,0.973297215
A235G,0.973285487
H94A,0.973231929
S57W,0.973205737
M127Y,0.973205737
G194C,0.973129115
F6V,0.973129115
G251Q,0.973055424
E169C,0.973055424
G194A,0.97298447
S96Y,0.972970592
V82I,0.972931108
L89M,0.972786855
I11Y,0.972725674
K30V,0.972666546
E56S,0.97262071
S221C,0.97257243
G85E,0.972554154
D36D,0.972514635
S221I,0.972513986
G226D,0.972449091
K53G,0.972350577
D48D,0.972317819
T147N,0.972288223
E166H,0.972170944
G39L,0.972088751
F14T,0.971937852
G279A,0.971868364
G85N,0.971868364
A200M,0.971868364
P25S,0.971868364
W163K,0.971834939
P217T,0.971680131
V257I,0.971651398
V8D,0.971569302
H156P,0.97129096
A16T,0.971251085
G251E,0.971057379
L160C,0.970952903
R7G,0.970898563
D113R,0.970800049
E169E,0.970798035
I283F,0.970755092
I256V,0.970666546
R118K,0.970653841
F58L,0.970407066
L282C,0.970394556
L55V,0.970303958
M67T,0.970131753
Y260L,0.970124717
Q88I,0.969911073
L146V,0.96990345
W163R,0.969638204
A245C,0.969296433
C75A,0.969296433
T261L,0.969296433
A77H,0.969296433
E46A,0.969296433
S264G,0.969296433
Q274I,0.969296433
Q274S,0.969296433
T116S,0.969296433
R271Q,0.969296433
G194N,0.969296433
F228M,0.969296433
T139G,0.969296433
V106Q,0.969296433
Q204I,0.969296433
A211M,0.969296433
V101S,0.969296433
G251M,0.969296433
L111C,0.969296433
D33S,0.969296433
T193W,0.969296433
S51Q,0.969296433
E169I,0.969296433
A84M,0.969296433
G85Q,0.969296433
R41P,0.969296433
R41Y,0.969296433
P172K,0.969296433
E210A,0.969296433
E210F,0.969296433
E210H,0.969296433
E210M,0.969296433
E210R,0.969296433
E210Y,0.969296433
I54A,0.969296433
R176M,0.969296433
T138F,0.969296433
T138W,0.969296433
E145F,0.969296433
E108N,0.969296433
E108Q,0.969296433
D113M,0.969296433
K32V,0.969296433
R92M,0.969296433
R92Y,0.969296433
Q86F,0.969296433
T112C,0.969296433
R273Q,0.969296433
R273V,0.969296433
E102L,0.969296433
E102N,0.969296433
K284H,0.969296433
K284M,0.969296433
Q265W,0.969296433
F17A,0.969296433
F22M,0.969296433
F22R,0.969296433
L19D,0.969296433
P25M,0.969296433
Q4I,0.969296433
G251R,0.968486523
G85K,0.968210526
L192V,0.968074775
K284V,0.967975674
M268I,0.967900225
E270L,0.967815588
T198D,0.967581812
P165T,0.967511347
K284G,0.967452414
A222H,0.967380092
P217S,0.967288223
D250V,0.967143774
E164E,0.967134682
Q37G,0.967075264
L218M,0.967023563
I3F,0.967023563
E145I,0.966912735
F6L,0.966790471
G226K,0.966757926
I229C,0.966655014
P172C,0.966655014
I259L,0.966530405
T138L,0.966463556
D207I,0.966421921
E277K,0.966421921
E210N,0.966334842
K252F,0.966242289
P172H,0.966081519
I3T,0.966081519
G39V,0.966065588
M180D,0.966038712
E210T,0.966038712
A225F,0.966038712
N152V,0.965926319
L10C,0.965806011
H285Q,0.965729584
S96I,0.96567671
E277G,0.96567671
R238W,0.965537441
L150L,0.965525441
E277Q,0.965387129
M153N,0.965224208
G216M,0.965224208
R7K,0.965224208
S80I,0.965092856
H156F,0.965047215
K53F,0.964952805
L191I,0.964903939
E62D,0.964853997
R41N,0.964853997
S254L,0.964662539
P217E,0.964529036
Q4A,0.964409803
R162H,0.964327023
T139R,0.964327023
T126A,0.964266038
T267C,0.964241312
D207C,0.96415257
F22Y,0.96415257
A77A,0.964135807
H110R,0.964042035
G279S,0.963965608
Q86C,0.963965608
R189M,0.9638668
I11A,0.963729388
R92H,0.96367153
G90F,0.96354741
S80D,0.963389474
E237W,0.963373251
T131A,0.963312852
T107A,0.963282164
S221E,0.96322802
A77K,0.963188145
E46N,0.963188145
M153H,0.963188145
E119G,0.963188145
Q88G,0.963188145
K252G,0.963188145
E277S,0.962950166
G85S,0.962902668
T262C,0.962780893
T112M,0.962780893
P217H,0.962670455
M67V,0.962660291
A222P,0.962632828
L135V,0.962556206
S96M,0.962477922
Q88C,0.962438047
V157L,0.962315491
K252L,0.962231441
W163T,0.962214337
V8E,0.96214524
Q86W,0.962056988
S254I,0.961778548
W163P,0.961778548
G85D,0.961609568
I3S,0.961546726
G251T,0.961512422
M67S,0.961477824
H24L,0.961477824
G85R,0.961358786
S96C,0.961318227
F6Y,0.961285584
C75T,0.961152082
Q204K,0.961152082
E277M,0.961152082
R118M,0.961152082
H5N,0.961152082
P12Q,0.960998348
W163S,0.960978802
L55F,0.960953391
A34C,0.960797899
H285E,0.960797899
A276T,0.960764181
D250W,0.96074483
F70A,0.960672996
R238L,0.960667035
S254Y,0.960591487
A77F,0.960411659
A276Y,0.960411659
R271V,0.960411659
A280Y,0.960411659
R273D,0.960411659
E61F,0.960411659
T198C,0.960247078
D36H,0.960205053
S233G,0.960174756
I283L,0.960086014
T139N,0.959988575
P253I,0.959807867
H94G,0.959761542
E237I,0.959683356
A211T,0.959643872
L196L,0.95954666
V258I,0.959523172
K30S,0.959523172
P253H,0.959523172
V101C,0.959523172
H151C,0.959523172
E108T,0.959523172
K32E,0.959523172
W163A,0.959433552
A182E,0.959292328
Q204R,0.959292328
R92F,0.959272586
R273S,0.95918619
N173V,0.95918619
H5T,0.95918619
K190L,0.959085526
I275L,0.958948309
H24I,0.958899345
F149I,0.958858982
A266H,0.958825068
P172G,0.958805326
E175G,0.958743168
A40S,0.958698896
A16A,0.958580354
G90R,0.958522781
F70V,0.958437265
T262N,0.958437265
A16I,0.958437265
F14A,0.958437265
H24F,0.958437265
P25L,0.958343638
K32N,0.958126964
R91K,0.957894263
T139M,0.957798485
Y95W,0.957661562
E145Y,0.957450068
S201G,0.957329173
H285S,0.957329173
E87D,0.957230659
P60F,0.957079857
I140L,0.956819889
F58S,0.956819889
I3C,0.956819889
S221Y,0.956749717
E119A,0.956730854
F13C,0.956685799
L38I,0.956436875
C18G,0.956436875
S201A,0.956388399
D99A,0.956361229
D83E,0.956287637
D207F,0.956265452
E237V,0.956244244
A183M,0.955969224
R118V,0.955969224
G226R,0.955592269
R81H,0.955486425
A34I,0.955334646
V106A,0.955334646
G216T,0.955334646
K190C,0.955334646
E26Q,0.955334646
H151F,0.955334646
N50W,0.955334646
F6C,0.955334646
E26V,0.954994146
L219V,0.954923974
R81F,0.954923974
V8P,0.954923974
R189T,0.954893774
R41Q,0.954849013
V42M,0.954709451
R81Q,0.954636542
K53D,0.954636542
T126V,0.954365041
S57V,0.954260663
F17W,0.954260663
L10S,0.954260663
G242A,0.954233688
R63K,0.954131069
F22A,0.954131069
A245S,0.953884783
K213F,0.953659216
R92S,0.953637617
V82A,0.953589435
A133S,0.95350128
T158T,0.953491908
R189L,0.953478411
G85A,0.953421042
A183I,0.953320866
L223A,0.953062852
E270H,0.953007633
V29S,0.953007633
Q97N,0.953007633
A276V,0.952731538
I229V,0.952572136
L135M,0.95254223
G226E,0.952521413
T267L,0.952468344
P60L,0.95246209
L205I,0.952445964
F6N,0.952299462
P25K,0.952193227
T198L,0.952119146
T261S,0.952049462
Q265C,0.952049462
E210S,0.951892015
D99S,0.951672508
P20H,0.951672508
A77S,0.951526886
T198M,0.951526886
R273I,0.951526886
F22N,0.951526886
R7N,0.951526886
R202A,0.951431304
F149Y,0.951378821
R118I,0.951378821
L111Q,0.95097157
L111Y,0.95097157
K284W,0.95097157
V21S,0.95097157
P253L,0.950911073
R238T,0.95088791
S221L,0.950791644
E46K,0.950501671
L160F,0.950416253
A182D,0.950292914
R92Q,0.950292914
E61I,0.950292914
K284C,0.950292914
A77T,0.950098915
R81A,0.950007144
R91R,0.949938399
V117M,0.949749912
L28A,0.949749912
A280F,0.949749912
G39M,0.949749912
G39Y,0.949749912
A84Y,0.949749912
D269W,0.949749912
P25W,0.949749912
Q4F,0.949749912
V21T,0.949502453
T147G,0.9491125
L160T,0.949051808
A34T,0.948935506
R41A,0.948935506
G90L,0.948861425
S221G,0.948857125
P172N,0.948468149
H151I,0.948353704
K53W,0.948353704
R7A,0.948353704
I278L,0.948224013
T262E,0.94816508
A183Y,0.948050244
E210G,0.948050244
A276G,0.94799571
T198T,0.947992129
L19P,0.947842953
A200L,0.94774913
R271S,0.947578098
F14L,0.947578098
A40Q,0.947168305
G251Y,0.947084451
Q4T,0.947084451
I45Y,0.946957594
K30I,0.946742778
T139C,0.946742778
K213T,0.946742778
A9N,0.946742778
T139H,0.946300538
P217G,0.946300538
D207H,0.946300538
R202E,0.946026789
I54C,0.946026789
K32G,0.946026789
R91H,0.945925635
T262M,0.945840608
A183N,0.945840608
V214T,0.945791155
P217V,0.945768188
T262I,0.945705835
D99V,0.94561895
K144H,0.945523661
E108A,0.945459255
S80C,0.945406284
E62E,0.945371886
S122T,0.945361914
P249R,0.94527542
G234A,0.94526379
D250I,0.94525734
R176H,0.945115139
S254W,0.944863282
M127I,0.944863282
R59N,0.944863282
K109W,0.944863282
P60P,0.944754157
T147T,0.944664992
V157G,0.944616507
D99N,0.944519165
H5D,0.944295065
S57C,0.944287441
P217R,0.944217856
G251C,0.944202903
D269P,0.943958376
R92W,0.943958376
F149V,0.943897
L137I,0.94372157
P253F,0.943661659
A84F,0.943577316
R159R,0.943542146
L137Y,0.94333621
L150F,0.943316859
H285M,0.942983786
P60N,0.942882242
K252D,0.942827219
H24Y,0.94276897
L188T,0.942759783
T267I,0.9427332
L136I,0.942683845
G194K,0.942642113
Q204Y,0.942642113
N98P,0.942642113
R41L,0.942528939
S57N,0.942506753
E56R,0.942504896
R238A,0.942457985
I206E,0.942335721
G236A,0.942291351
K213Y,0.942263986
E237F,0.942148466
K252W,0.942148466
F14C,0.942059431
N272D,0.941931304
H151D,0.941931304
A222Y,0.941862695
A276N,0.941809138
R92N,0.941809138
H94P,0.941605561
M184Y,0.94137286
T126M,0.94137286
G263D,0.94137286
L111H,0.94137286
R63T,0.94121854
L47T,0.941062559
E145W,0.941062559
F58A,0.94092241
V78I,0.940895534
R41T,0.94084266
V72I,0.939976652
R189E,0.939719419
Y103F,0.93955171
E145L,0.939013106
K30Q,0.938965608
L111F,0.938965608
A9V,0.938932867
N152I,0.938890745
V82T,0.938784803
T261A,0.938754994
A77D,0.938754994
G194R,0.938580444
A245G,0.938473036
A182N,0.938433552
V101E,0.938433552
I54R,0.938433552
P25D,0.938433552
R92A,0.938337676
A170N,0.938308063
S221P,0.938255581
M127R,0.938234177
M67L,0.938199677
R59K,0.938199677
S57D,0.93790042
R41I,0.937677101
K32K,0.937624898
T267V,0.937513497
L10F,0.937476554
T262K,0.936718931
L49A,0.936718931
R162S,0.936718931
A148W,0.936718931
L100V,0.936718931
G226A,0.936718931
G39T,0.936718931
S51K,0.936718931
R159T,0.936718931
Q203Y,0.936718931
F17H,0.936718931
F6Q,0.936718931
L73P,0.936396315
G226C,0.936386444
G251L,0.936228997
S57F,0.936067348
R41V,0.93586162
T193D,0.93570085
I140V,0.935650811
H5L,0.935571843
A77R,0.935465901
T147Q,0.935302492
G216S,0.935203685
M180L,0.935144556
V257L,0.934957985
S2R,0.934532457
K213E,0.934526202
E102G,0.934487598
P165V,0.934391918
F22K,0.934391918
R238V,0.934354388
A170H,0.934260174
P249Q,0.934147
T179S,0.934112695
T107C,0.934004115
L219F,0.933946355
S221D,0.933946355
L197M,0.93375734
A215S,0.933461112
P172W,0.933461112
Q265N,0.933394654
W163G,0.933330835
S201N,0.933099208
E210D,0.933099208
E87V,0.933067934
V42V,0.932761764
D99H,0.932646706
E26D,0.932646706
K32Y,0.932646706
R41S,0.932564709
E108L,0.932158043
F17L,0.932065002
R81L,0.931965119
P25I,0.931928079
L282T,0.93179438
H5P,0.931782946
M268V,0.931778254
L28T,0.931707007
A16P,0.931707007
A215G,0.931653841
I206G,0.931400127
L74M,0.931289298
E145P,0.931053274
R238P,0.930428079
M268A,0.930350381
M184F,0.930203391
Q274G,0.930203391
M153Q,0.930203391
K32C,0.930203391
S2P,0.930203391
R59H,0.930020729
L219M,0.929879408
N173I,0.929808552
T126Q,0.929675147
G90C,0.929656675
D83Q,0.92942153
G154Q,0.929201046
F6I,0.929201046
D113V,0.928807183
S221F,0.928747762
A34F,0.928574482
T27I,0.928574482
A211F,0.928574482
R81S,0.928574482
F14Y,0.928574482
T107T,0.928523846
G154E,0.928354388
L55R,0.928354388
L38T,0.928145827
L10Y,0.928145827
A246S,0.928065491
R7S,0.928065491
K190I,0.927834158
V106C,0.927793501
I244L,0.927595006
G279C,0.927411073
E46L,0.927411073
A40M,0.927411073
G194F,0.927411073
E119H,0.927411073
K109C,0.927411073
P253S,0.927354486
F6R,0.927137226
I278V,0.927093735
H285L,0.926480268
I125C,0.92645476
K144W,0.926389474
V42W,0.926179154
M268W,0.926179154
I54Y,0.926179154
F58R,0.926112305
A77E,0.925859763
R162D,0.925859763
R159Q,0.925859763
R7F,0.925859763
T187C,0.925665764
L191V,0.925556011
M184V,0.925520338
A170I,0.925485252
I278M,0.925371687
L28K,0.925316761
K32T,0.925316761
F17C,0.925316761
P25C,0.925159118
C75G,0.925098915
T126I,0.92508406
I283T,0.924913321
V258A,0.924872566
E46F,0.924872566
P165C,0.924872566
R189V,0.924662637
P253G,0.924533434
D99T,0.924502355
M127C,0.924435604
P172F,0.924339435
L188C,0.924293989
A123S,0.924189122
S264A,0.924189122
I283C,0.924189122
K190W,0.924189122
W163H,0.924189122
T198R,0.923751183
I244C,0.923715217
H5E,0.923687852
H285A,0.92363449
L150A,0.923437265
A183R,0.923358982
D250P,0.923304642
H285V,0.922936093
A222D,0.922852043
A34Q,0.922757144
M66F,0.92255474
A9R,0.922438341
L38Y,0.92228578
Q4L,0.922240041
G234S,0.92212413
V29R,0.921910975
T147E,0.921826339
E46V,0.921750889
S57L,0.921636738
P253V,0.921033434
L150T,0.920430131
V72T,0.920430131
Y44M,0.920430131
A266D,0.920430131
P60Y,0.920430131
R202C,0.920430131
G39I,0.920430131
D99I,0.920430131
H24W,0.920430131
H5C,0.920430131
R7I,0.920430131
S2W,0.920430131
P217L,0.919952609
G194L,0.919601847
G226Q,0.919177101
S51G,0.918853802
V82S,0.91884354
D99L,0.918705444
I140Y,0.918475479
T147C,0.918475479
H285K,0.918394068
H110Q,0.918394068
V78M,0.918305522
R202V,0.918103118
S221W,0.9178582
R176C,0.9178582
D113C,0.9178582
A276E,0.91755562
L100F,0.91755562
F17G,0.91755562
T147D,0.917277473
L137F,0.91717241
L111W,0.91717241
P253R,0.917145045
T187A,0.917076534
L282A,0.916939709
R176S,0.916881167
E62A,0.91667114
A200F,0.91667114
P25Y,0.91667114
R7Y,0.916357907
M268H,0.916086503
F70C,0.915987695
L73T,0.915987695
W163Q,0.915987695
V82H,0.91589612
M127S,0.915662735
R63Q,0.915639279
R63L,0.915597156
F228A,0.915514572
H285G,0.915418208
L47C,0.91537501
P25N,0.91537501
S240E,0.915286269
L111K,0.914321843
R176F,0.914321843
G216W,0.913914591
P165L,0.913723036
V31A,0.913689904
F13S,0.913588849
E46H,0.913449189
T116L,0.913449189
G216C,0.912714435
E62Y,0.912714435
L146I,0.912518481
V106Y,0.912433845
H94C,0.91228578
F149T,0.912160487
S254F,0.911861132
Q4V,0.911545358
H24C,0.911380776
M127K,0.911185115
H5R,0.911122273
A170R,0.911084158
A123C,0.910656871
R81M,0.910656871
I54W,0.910656871
E195C,0.910656871
F6W,0.910656871
H5I,0.910656871
F149A,0.910304642
F149L,0.910174267
Q204D,0.910064513
E119S,0.910064513
L38F,0.910016038
L47A,0.909703391
G85M,0.909663028
I3M,0.909570964
S2C,0.909460135
L137V,0.909199971
L49T,0.909153254
I11L,0.909107418
R159S,0.908993364
T27L,0.90879526
I171P,0.90879526
E270G,0.908634783
I206H,0.908213556
P253N,0.908213556
R176N,0.908213556
E108F,0.908213556
R92P,0.908213556
F6H,0.908213556
P25F,0.908213556
P25R,0.907864552
L73F,0.907761054
R91T,0.907761054
M127A,0.907620514
F58V,0.90739915
F58T,0.907102922
R41F,0.907102922
A170P,0.906828196
G85Y,0.906747566
A23S,0.906747566
V101L,0.906468344
E62H,0.906468344
R7V,0.906388106
I244M,0.90619352
P249A,0.905996296
R81Y,0.90577024
L19R,0.905622176
T187M,0.905527668
P253Q,0.905347938
H110C,0.905072136
R92E,0.905072136
A15H,0.905072136
R162G,0.904998642
P12K,0.904935897
Q4P,0.904935897
S2A,0.904834548
A40T,0.904642602
T262A,0.904445866
T131C,0.904141331
E56H,0.904141331
V101R,0.904141331
F58C,0.904141331
V214K,0.904141331
W227F,0.904141331
H110N,0.904141331
S51A,0.904141331
E270N,0.904141331
E277H,0.904141331
E195V,0.904141331
V42C,0.90377112
S104A,0.903210624
R176A,0.903210624
N50C,0.903183161
I283A,0.90309051
G85L,0.903017993
E87F,0.902977922
R189D,0.902876183
G216D,0.90272499
A170T,0.902716097
H5V,0.902660584
V106H,0.902590022
L28R,0.90251252
F17N,0.90242671
K32F,0.902105268
L111R,0.901993364
D99K,0.901940197
R63H,0.901635369
Y260I,0.901426613
E277F,0.901426613
R271C,0.901308552
P249S,0.901284705
M268Q,0.90115257
M268T,0.901110936
A16Y,0.90088361
P249M,0.9005781959999999
P165I,0.900439416
V214A,0.900382437
H110G,0.9003087470000001
P249N,0.900232027
P165N,0.899854877
A34L,0.8997241109999999
Q203F,0.899487402
E210L,0.899487402
E108Y,0.899487402
F6S,0.899487402
P181C,0.899240334
A185S,0.899224013
D48S,0.899224013
L167T,0.899129408
P253T,0.898711796
A9Q,0.898711796
L89F,0.8985657840000001
F70W,0.8982181490000001
A211V,0.8981655690000001
A170L,0.898131949
A183C,0.897876476
W163D,0.897784803
L28S,0.8976258890000001
G154D,0.8976258890000001
T187V,0.897578978
A132S,0.897492875
A183K,0.897379994
A222F,0.897339435
L55H,0.8972829459999999
M268Y,0.8972829459999999
L55K,0.8971604870000001
G216L,0.896901886
G251F,0.8967374020000001
I229M,0.896565197
L38S,0.896476065
T186P,0.896351065
S281D,0.89599698
A211W,0.89599698
H110W,0.89599698
E277Y,0.89599698
Q4W,0.89599698
E62V,0.895517895
T187G,0.895484373
A276L,0.8952565579999999
R238E,0.895164885
T126L,0.895154427
T147K,0.895092074
D161N,0.895019654
H110A,0.895019654
A235S,0.894970397
E87T,0.8949646309999999
G263S,0.894934627
L192C,0.8948334729999999
E56M,0.8948334729999999
N272T,0.8947110140000001
L28Q,0.894664298
G216H,0.8945597240000001
T107V,0.894251769
L197I,0.894117484
A40C,0.894117484
I206N,0.894117484
L55T,0.894117484
V106S,0.893970885
L73C,0.8939611120000001
M209L,0.8939024729999999
G251P,0.89377542
R7W,0.893632731
I11G,0.893397195
A124V,0.893371785
T262V,0.8932818709999999
K190F,0.8932818709999999
L136V,0.8931137709999999
T262R,0.893098133
L73S,0.892851847
G52D,0.892844029
G216Y,0.892809822
V78V,0.892681318
A183F,0.8925068509999999
L10G,0.8925068509999999
E35Q,0.8921393759999999
L197L,0.891867759
P165P,0.891729387
L282F,0.891110252
T262W,0.891110252
A183W,0.891110252
A266Y,0.891110252
T139K,0.891110252
S122C,0.891110252
L55C,0.891110252
E108W,0.891110252
C18V,0.891110252
T187I,0.890966585
P143H,0.8905668590000001
E56V,0.890463262
S201T,0.89030689
V72A,0.8902482509999999
S240C,0.890071355
G39W,0.889888595
Q97C,0.889784998
I243C,0.8896628320000001
R63I,0.8896628320000001
Y95V,0.889607125
D161E,0.8893842940000001
L49C,0.889333473
H110S,0.889333473
M127N,0.8891556
M67Q,0.888967953
E56L,0.888810604
P20S,0.888810604
E56C,0.8885604090000001
K53C,0.8885604090000001
W208M,0.8885037240000001
T187L,0.8884450840000001
L55Q,0.888377649
V8G,0.8880815190000001
S233A,0.888056108
L79L,0.8879909429999999
V31M,0.8878528240000001
M153G,0.8878528240000001
G194M,0.8878528240000001
G154N,0.8878528240000001
H156M,0.8878528240000001
L19E,0.8878528240000001
R81R,0.887772883
R63S,0.8877609559999999
Y44I,0.886847156
T107L,0.886767015
L167A,0.886745514
L188Y,0.886649736
D48A,0.886599892
G154S,0.886372176
G85C,0.886315491
N168S,0.88597929
M153K,0.885936288
P253K,0.885898172
L150Y,0.885709548
N168A,0.8856802290000001
V101Y,0.8855258109999999
E277C,0.8855258109999999
P249T,0.8853147090000001
K213G,0.8852805020000001
E62S,0.8851378129999999
G194Y,0.885043989
E102K,0.885013692
D99D,0.884888059
A266F,0.884594419
P249E,0.884594419
E61C,0.884594419
Q4G,0.8845162329999999
M268S,0.88445173
L10P,0.884423387
A15Q,0.8843813620000001
R162T,0.884311972
L74V,0.8842113079999999
G263A,0.8840940290000001
R238I,0.883973817
A40N,0.883780307
M153Y,0.883780307
G194W,0.883780307
V101F,0.883780307
R202H,0.883780307
Q4D,0.883780307
V8W,0.883780307
D174E,0.883573114
F58I,0.883482222
G90P,0.883482222
G43A,0.8833385559999999
R63V,0.8833053259999999
C121M,0.883291644
R162Q,0.883233004
S51Y,0.883061972
E119N,0.883061972
A211Y,0.882841097
M127H,0.882841097
F228I,0.88279223
I3R,0.882467758
L89L,0.882437861
T27C,0.8824228009999999
M153E,0.8824228009999999
L28C,0.8824228009999999
S2V,0.8824228009999999
Q97Q,0.882314322
I54S,0.882253724
D99R,0.881968344
L111S,0.881851065
H110L,0.8814689309999999
R176L,0.881385858
F228K,0.881336992
E62N,0.881336992
R7E,0.881336992
G216R,0.880955835
A124C,0.880783825
A77G,0.8807623240000001
S281G,0.8807525509999999
C121A,0.880654818
D113L,0.880612793
L55E,0.8804486020000001
T147I,0.8801876559999999
A15A,0.879936917
R271G,0.879823114
G52N,0.879707789
E270Y,0.879707789
F14S,0.879707789
E87Q,0.879081323
V21G,0.878967953
F17S,0.878802785
I3D,0.878802785
I259M,0.87875001
L192W,0.878544771
R91N,0.878544771
P217Y,0.878382535
F14F,0.878300658
M66C,0.8779837859999999
Y95L,0.8779573979999999
P25G,0.8779378520000001
L55N,0.8779104870000001
T267Y,0.877869439
H5A,0.877869439
D48Q,0.8778020040000001
I259C,0.877578196
A170D,0.877446257
G242S,0.8773758890000001
F228T,0.8773436379999999
V257C,0.8773123629999999
F149H,0.8773123629999999
A183G,0.8771227620000001
L188A,0.877111034
R7L,0.877109079
R92C,0.876953685
A235A,0.876766673
T262D,0.876707398
L111E,0.876707398
E195Y,0.876707398
S264N,0.8765754590000001
T126D,0.8765754590000001
V101N,0.876450362
I140M,0.876217758
P249D,0.876217758
K109P,0.876217758
I11T,0.875917719
D161D,0.8758931959999999
M268N,0.875850283
L192T,0.875322527
D161S,0.875322527
S57I,0.8750537629999999
A9L,0.8748582970000001
A124M,0.874821159
M115I,0.8747947709999999
G76T,0.874666742
T147A,0.8744888679999999
T198V,0.874438047
F149K,0.874355952
R202G,0.874219126
T261Q,0.874007047
C75S,0.873599502
P181V,0.873568227
L111D,0.873518384
G251W,0.873489064
I3A,0.873461699
P20T,0.873461699
V214N,0.8734431290000001
G85T,0.8733903540000001
M127D,0.8732486420000001
R63P,0.8731929340000001
T27S,0.87296033
M153R,0.872866507
E46D,0.872673974
L47Q,0.872444302
V214S,0.8722029029999999
C75I,0.871563731
V78T,0.871563731
A170M,0.871563731
L192Y,0.871563731
S281W,0.871563731
T139Y,0.871563731
V106F,0.871563731
V106W,0.871563731
F149Q,0.871563731
L28G,0.871563731
T147H,0.871563731
V101G,0.871563731
R63M,0.871563731
S51R,0.871563731
E62C,0.871563731
E62L,0.871563731
P217F,0.871563731
R159M,0.871563731
E270W,0.871563731
R176Y,0.871563731
E26R,0.871563731
E108C,0.871563731
D113I,0.871563731
D113W,0.871563731
Y103P,0.871563731
F22D,0.871563731
R91S,0.871223622
V78L,0.8710301109999999
L135Q,0.870894263
V82W,0.870294185
M115Q,0.870243364
L38G,0.870052785
P217C,0.869849502
V106D,0.8697429729999999
M184L,0.869527961
M67H,0.869358884
D212Q,0.8692904709999999
V82Y,0.869057867
P165K,0.868885858
R7D,0.8686894159999999
L49S,0.868232027
P165A,0.8681792509999999
A200W,0.8680737
A183P,0.8678528240000001
R159N,0.8674912140000001
I256M,0.8674345290000001
D99Y,0.867251769
M268G,0.867187265
D212N,0.867121785
I229L,0.867042621
M67I,0.867018188
G251I,0.86700646
I93I,0.8669936859999999
E62Q,0.866909705
N173P,0.866909705
A34A,0.86672839
G251V,0.866725968
L28N,0.866677101
T147M,0.866677101
Y103H,0.866677101
A222L,0.866594029
F70H,0.866420065
Y95M,0.866420065
R176W,0.866420065
K30F,0.866281284
G194V,0.86626076
L191C,0.8658151
W286M,0.8658151
G154A,0.865729095
P253D,0.8656147479999999
L38V,0.8655873829999999
G141H,0.865325459
S201C,0.8652580240000001
S104C,0.865170065
L137T,0.865047899
V21L,0.864860252
I54K,0.8648231140000001
P253W,0.864744928
H110E,0.864744928
L89Y,0.864705835
D48N,0.864705835
F228C,0.864482027
I259F,0.864324677
G154K,0.864324677
E87E,0.86429389
R189I,0.8642904709999999
T267F,0.8641096659999999
L160N,0.86404614
D48H,0.86404614
V214I,0.86404614
E62F,0.86404614
R41D,0.86404614
L89P,0.863960135
V214L,0.863956226
L38A,0.8639484070000001
L111P,0.86392886
F13F,0.863613503
D99F,0.8633043490000001
L74I,0.86324571
F228V,0.8632105259999999
M268P,0.8631059520000001
F13P,0.863064904
T126K,0.8629906270000001
L38H,0.86287628
F14G,0.862785389
S240T,0.8627023159999999
F17K,0.86267886
R176E,0.86251467
F228R,0.8624345290000001
K30N,0.862384685
A23P,0.862255678
T158F,0.8620289390000001
H285D,0.861871589
Q203W,0.861790471
F228S,0.861758219
G279T,0.861276398
L89A,0.86112198
S201K,0.8607046620000001
Q204F,0.8607046620000001
G141K,0.8607046620000001
V106R,0.860608884
G236S,0.860560995
F22I,0.8604994229999999
A123V,0.8603010259999999
S240Q,0.8602873440000001
L89I,0.8602560690000001
M1L,0.860232613
A34G,0.8601720190000001
G216E,0.860127062
L10W,0.860065491
N168D,0.859957985
E87A,0.859849502
W227Y,0.8598358190000001
R41E,0.859717563
W286Y,0.859717563
G52E,0.85964524
A276I,0.8595142790000001
L167N,0.8593471559999999
R202I,0.8593471559999999
D113F,0.8593471559999999
E62G,0.8589532940000001
R238D,0.8589190870000001
P165S,0.858704075
S240N,0.8586962570000001
S96P,0.8582633009999999
F14W,0.858236914
V21I,0.858236914
R63Y,0.858198798
S264C,0.8579271009999999
R63A,0.857780502
F6A,0.857780502
I11S,0.857746296
I244A,0.85763879
M66A,0.857601652
E46I,0.857601652
L38P,0.857601652
K30H,0.857601652
A148P,0.857490237
A183D,0.857303567
V72C,0.857261542
E87C,0.857261542
F149C,0.857106147
P181A,0.857097351
I3V,0.856881362
P249H,0.856871589
A124G,0.856833473
P12D,0.856756265
D48C,0.8567181490000001
P105V,0.856703489
G52A,0.85620603
F149E,0.856190393
T69H,0.8559832
G226Y,0.85580044
V214Q,0.855715412
A185C,0.855653841
L73H,0.855517993
P249C,0.855517993
R81T,0.855517993
T116C,0.8552746379999999
V106K,0.8552746379999999
L38C,0.8551612690000001
P224G,0.855071355
A170Q,0.8550459440000001
D113P,0.854928665
K30E,0.8548778440000001
M1I,0.854809431
L136M,0.854713653
S254P,0.854478118
T198P,0.854272879
A230M,0.8540598220000001
D99W,0.85404614
P224K,0.853929838
V117T,0.8536688920000001
R271H,0.853646413
T198Y,0.8535604090000001
R81E,0.853521315
N98C,0.8534656079999999
M115C,0.853401104
T126R,0.8533874220000001
F64M,0.8533805809999999
P105I,0.853028743
S201S,0.852993515
G216V,0.8529056
I244T,0.852848915
Y44V,0.85283621
F149S,0.8526739740000001
R162K,0.8525606040000001
E108P,0.852466781
I283W,0.852442348
N168T,0.852164787
L247C,0.8520172109999999
T262L,0.8520172109999999
L100T,0.8520172109999999
G141D,0.8520172109999999
T178C,0.851871589
K144K,0.851840116
V82R,0.851832496
F13G,0.851163028
G226M,0.851158141
L191Y,0.851108297
R91A,0.850941175
G263Q,0.850620612
N168Q,0.850551222
T126N,0.8505394940000001
H5G,0.850514083
T116A,0.850483786
R41W,0.850483786
V106T,0.850431988
S2G,0.8504173279999999
V82F,0.850368462
M184A,0.850317641
R63C,0.850317641
I3W,0.850317641
P143V,0.8501847240000001
A15P,0.850062559
G141Q,0.849845592
F149R,0.849547508
L160Q,0.8493637709999999
S2D,0.849352043
P165M,0.849009978
V214R,0.849009978
T198F,0.849009978
F70G,0.8489405879999999
L223K,0.848849697
F70S,0.848224208
R176T,0.8482085709999999
G263R,0.84820173
G263H,0.8481929340000001
F58K,0.848107907
T147L,0.848082496
G52S,0.848064904
R159V,0.848049267
P143T,0.847939806
A183L,0.847823505
V106N,0.8477267490000001
D161H,0.847518579
A230I,0.847372957
L55W,0.8471305809999999
E102C,0.8471305809999999
D212G,0.847074873
I125T,0.8467660379999999
R91Q,0.8467660379999999
E35A,0.8463428559999999
I140T,0.846164005
Y260V,0.8461532540000001
L73G,0.845282457
G226P,0.845267797
G154R,0.845140745
M268R,0.8450234659999999
L223S,0.8449814409999999
E46C,0.844909118
L247W,0.844415569
W208F,0.8441986020000001
D212S,0.8439982509999999
P143A,0.843873153
I283Q,0.8437539190000001
R202M,0.8436405490000001
G263M,0.8436405490000001
D174S,0.84351252
P165R,0.843507633
I140A,0.84332976
V258T,0.843273075
G142T,0.842605561
R162A,0.842575264
M115V,0.8425693999999999
V42Y,0.8423104090000001
L38N,0.8417474690000001
P165D,0.841700557
R176G,0.841383903
C18C,0.8411685790000001
L55G,0.840931401
L100C,0.8409030590000001
R63N,0.8409030590000001
L135T,0.840728118
E62R,0.840656773
F228H,0.840575655
P249V,0.8405267890000001
L74A,0.840037148
V72S,0.839800635
A123G,0.839142895
M66T,0.839097938
A34Y,0.838986523
T27M,0.838986523
A77W,0.838986523
R271D,0.838986523
T139F,0.838986523
Q204W,0.838986523
G263E,0.838986523
R63F,0.838986523
E62K,0.838986523
A23C,0.838986523
D161T,0.838469517
D99C,0.8384607209999999
D161V,0.838455835
L38Q,0.838129408
I93Y,0.838111816
L74T,0.838105952
R162C,0.8380424259999999
V82K,0.837986718
R81G,0.837753137
T139W,0.837656382
G216I,0.837176515
R81I,0.837176515
P105L,0.837142308
E62I,0.8370699859999999
L38W,0.8369996190000001
M268K,0.8368588840000001
S201R,0.836554935
L47F,0.836024247
P253E,0.836024247
P143S,0.8359323790000001
A215T,0.835821941
I256C,0.835792621
F64Y,0.8355570859999999
I243M,0.835295162
I45S,0.835107516
R81V,0.835041057
P249I,0.835035194
T116M,0.834914005
L111N,0.834914005
P217I,0.834914005
F6E,0.834914005
L160H,0.834713653
I283S,0.8343686570000001
F228L,0.8343188140000001
L111G,0.83419567
A266W,0.834134099
A170E,0.833879017
T187F,0.8338672890000001
K213W,0.8335564990000001
V214H,0.833387422
D161C,0.833276984
L218L,0.83312246
A266I,0.833111816
L89V,0.832649541
L150S,0.832575264
G154H,0.83247069
R59R,0.832036929
G226F,0.832023075
Y103G,0.83187843
D99G,0.831725968
G52K,0.831673192
M184C,0.831582301
T116R,0.831582301
E195A,0.831582301
L135A,0.831460135
M209C,0.831321355
I140F,0.831321355
S51V,0.831321355
D161A,0.8310594309999999
Y103N,0.830841487
L135F,0.830824873
P224T,0.830813145
A230S,0.830812168
A182P,0.83050431
L73Y,0.83035087
P165Q,0.8302883209999999
P12P,0.8302196359999999
L146A,0.829867093
L38E,0.82967847
P143Q,0.829442934
R255V,0.829348133
L10H,0.829151691
A222W,0.82907155
G85F,0.82907155
L247T,0.828805717
T198I,0.828621003
P224D,0.828437265
G242C,0.828279916
L28E,0.828127453
I54N,0.828127453
T116V,0.82796033
F22V,0.8278958270000001
V82Q,0.827709158
E166P,0.827650518
G142N,0.82758406
L192A,0.82742671
C75M,0.8267699470000001
G43S,0.826722058
A185V,0.826598915
G141E,0.8264562259999999
M268E,0.8264562259999999
G76C,0.826160096
M115A,0.8260780000000001
A235T,0.8260780000000001
Y103A,0.82606725
F6P,0.825954857
T69S,0.8256411359999999
M127G,0.825308845
I125I,0.825051378
N130N,0.824939447
N168V,0.8248407059999999
T116K,0.824017797
A211I,0.824017797
V31T,0.823919087
G236N,0.823526202
P165E,0.8232232309999999
R92D,0.823076632
L135C,0.82294567
T261Y,0.82269743
G142S,0.82269743
R159D,0.82269743
R59Q,0.82269743
A16K,0.82269743
C18F,0.82269743
D174C,0.8223602520000001
L89W,0.821896022
P12E,0.821635076
I93C,0.821574482
T27A,0.821560799
A246G,0.821513888
L197F,0.821050635
P165G,0.8204652170000001
P65A,0.8204114640000001
R7C,0.8203704159999999
L55S,0.8201006740000001
P224E,0.8200918779999999
G141A,0.8197654520000001
T138P,0.8196159209999999
F13H,0.819327609
L10Q,0.818788125
I93F,0.818427492
L38D,0.818410878
G154C,0.818385467
V257T,0.818127453
R92G,0.817940784
D83S,0.8178968040000001
T261E,0.8178107990000001
P25P,0.8176920529999999
N272E,0.8172674059999999
L167S,0.817089533
L137A,0.8170250290000001
F22T,0.816948798
V42T,0.816642895
P143C,0.816323309
R176D,0.816280307
L120I,0.816243168
R159A,0.816181597
V106G,0.815872762
S264Q,0.81571639
F6G,0.81571639
G85V,0.8154661940000001
C18Y,0.8151798379999999
H24P,0.814271902
S104G,0.814112598
E277W,0.814074482
A246E,0.8139659990000001
D174Q,0.813568227
T27Q,0.813534998
G141S,0.813534998
L55A,0.81332585
L150W,0.8133092359999999
G234C,0.813267211
D174N,0.8132007529999999
L188S,0.8131645909999999
I3E,0.813162637
L191A,0.8131528640000001
L146Y,0.8130013779999999
I140C,0.8129241690000001
I140Q,0.8129241690000001
R159I,0.8129241690000001
V42A,0.8128665070000001
N168C,0.8128147090000001
P224S,0.812795162
A170K,0.8127717059999999
D212T,0.81238664
D231A,0.8122771790000001
F70I,0.812265452
V78A,0.8121315579999999
L197K,0.811993755
P224H,0.811895045
R202N,0.811421042
L120C,0.81126076
I11I,0.811223378
M66Q,0.811156186
V21K,0.8109333559999999
L137C,0.8105140829999999
G263L,0.810480854
S201L,0.8103743259999999
K232R,0.810155405
R7R,0.810050708
T131L,0.809916937
T261H,0.809837774
R91Y,0.8095416440000001
E195W,0.809370612
L282Q,0.809328587
P143G,0.809301222
A15N,0.809123348
V214C,0.809060799
V82N,0.808803763
F6T,0.8086014559999999
S104T,0.808580932
L205V,0.8085701820000001
E119M,0.808324873
R91M,0.808324873
V82M,0.8081694779999999
G52M,0.80742671
L38K,0.807124717
V21N,0.807080737
R241K,0.806978118
P224Q,0.806659509
L79V,0.806408337
P105M,0.806408337
G39G,0.806118517
S240H,0.806013497
R81W,0.8059431290000001
T27P,0.8058874220000001
F149N,0.80561768
E119K,0.805471081
L191T,0.804631558
I283R,0.804224013
G85W,0.804081323
P249L,0.803268188
R159E,0.803038516
P105Q,0.802918305
D48G,0.802649541
W208L,0.802368071
L89E,0.8021814009999999
A40V,0.8021540359999999
L282S,0.8021511040000001
F228Q,0.80175431
P105T,0.801652668
A230V,0.801642895
P224R,0.801243168
L47E,0.8011962570000001
G141M,0.80097929
I243Y,0.8009040359999999
A40W,0.8004857409999999
L89S,0.799825068
V214G,0.799771315
R176V,0.799637422
I54D,0.7991067340000001
P25A,0.799005092
L136A,0.7985936379999999
V101W,0.7982642790000001
E119T,0.796978118
L89G,0.796939025
T126H,0.796291057
R159W,0.796086796
D48M,0.796042817
F228N,0.7953997359999999
G263K,0.795284412
M66G,0.7950889459999999
P105E,0.794505483
G52H,0.794406773
R159C,0.7938975859999999
L135E,0.7938135359999999
D155N,0.793641527
P105K,0.7933776490000001
N168M,0.7931206120000001
V257A,0.792952512
L10N,0.792952512
P224N,0.7928283909999999
R91E,0.792779525
S201Q,0.7927472729999999
G52Q,0.7927472729999999
T116I,0.792626085
L137S,0.792467758
M268D,0.7924472340000001
R241S,0.791879408
C75F,0.79160087
F149D,0.791552004
L89T,0.79154223
R63E,0.791422996
G226W,0.7913350370000001
R220K,0.79119137
P105H,0.7908854670000001
R41C,0.790877649
L38R,0.790189611
Y103M,0.7901202209999999
A9E,0.7901202209999999
C18L,0.7901202209999999
E87S,0.7896139659999999
A246W,0.789572918
G141R,0.789516233
L47S,0.789226945
W208Y,0.7889640440000001
G154M,0.788867289
R159Y,0.788867289
V21F,0.788751964
R59A,0.788620025
R159L,0.7882613470000001
L120A,0.788203685
L197V,0.788151886
S104H,0.788047312
R91F,0.787793208
D161Q,0.787703294
P165H,0.787385663
A235L,0.7873240909999999
S264M,0.7871579459999999
R162M,0.7871579459999999
P105A,0.7867015340000001
A23N,0.7860477029999999
H5F,0.7860477029999999
H110T,0.785717367
F70T,0.785677297
V21R,0.785669478
V82L,0.7856518859999999
R176I,0.7855121290000001
G142D,0.785500401
T27H,0.785108493
L146W,0.784937461
R91D,0.784914005
I3G,0.7843021990000001
T131M,0.784118462
R255M,0.784118462
Y103S,0.7839063820000001
P217W,0.783604388
C121L,0.7833053259999999
E56Y,0.7832515729999999
N130S,0.783235936
I256F,0.7831391809999999
A16E,0.782329955
N130Y,0.7819751859999999
R255I,0.781407359
G114Y,0.78134872
G142E,0.781088751
G194I,0.780982222
P105R,0.78088449
R271E,0.780812168
R255H,0.7806812059999999
A276D,0.780678274
S51L,0.7805717459999999
L89C,0.780440784
A133C,0.7803469609999999
M66H,0.7800694
E87Y,0.7794693220000001
R41G,0.779311972
V78C,0.779186875
R81C,0.7788115809999999
A246Q,0.778800831
T267W,0.778800831
N272G,0.778717758
L74C,0.7784851540000001
V214F,0.778314122
K30W,0.778274052
V21D,0.778198798
N134D,0.7780551309999999
P105S,0.7772116990000001
G114S,0.7770621679999999
I140S,0.777056304
V82E,0.777053372
A23V,0.7769839820000001
W208D,0.776520729
D231Q,0.77640345
G52F,0.7763692440000001
V82G,0.776095592
T131V,0.775955835
G114A,0.775545358
D174G,0.775184724
P12R,0.7748358190000001
V21E,0.774625694
G114H,0.773831128
G114N,0.773831128
S264K,0.773831128
G52T,0.773831128
K30Y,0.773831128
G263T,0.773831128
L100Q,0.773831128
G141C,0.773831128
F13Q,0.773831128
P20G,0.773831128
R7M,0.773831128
T187Q,0.772312363
L218I,0.7722801109999999
L146C,0.772241996
N134Q,0.7721462179999999
S51C,0.771706421
F6D,0.771706421
F70L,0.7712460999999999
L136L,0.771187657
E46G,0.771179642
C121G,0.77091381
T187H,0.770308845
R162E,0.7697244040000001
H5S,0.7691771009999999
H5W,0.768944498
T27N,0.7680824959999999
L89H,0.767956421
D161M,0.76772284
E169P,0.76772284
N272S,0.76752542
G141T,0.76709051
D48T,0.766932183
M115T,0.766771902
P105Y,0.766313536
L100W,0.76601252
R255L,0.765940197
E87W,0.7658199859999999
S104N,0.76568707
A246N,0.765636249
D36P,0.7654055999999999
T158A,0.765217953
K32D,0.7649462570000001
E35S,0.7648553659999999
T262G,0.763967953
I243F,0.76367671
C121I,0.763650323
L150N,0.763233982
L223R,0.76314309
V21Y,0.763091292
V257M,0.762972058
F70N,0.762748251
L218C,0.7625088059999999
L150Q,0.7623690479999999
F17R,0.762332887
L89Q,0.7620054829999999
G76M,0.7616145520000001
D83G,0.76154614
R81D,0.761301808
V21H,0.760417328
A40L,0.75995603
T107M,0.759869048
Y103T,0.759615921
A245T,0.7594996190000001
N272A,0.759171237
I283H,0.7590480940000001
Q86Q,0.7589868740000001
L197H,0.7586747559999999
L205F,0.758593638
L197Q,0.758593638
G52L,0.758461699
T69C,0.758457789
T131F,0.758400127
N130C,0.758400127
G236T,0.757359275
H110V,0.756584255
V21Q,0.756511933
K30G,0.756261738
C18P,0.756061386
I275C,0.755556108
F70Q,0.755506265
L49P,0.755036171
P249Y,0.754284607
P181T,0.754144849
Q88P,0.754011933
V21M,0.753470495
T179C,0.753438243
I11P,0.752981832
D83A,0.7523094309999999
I45Q,0.752112989
L135K,0.7519742079999999
A123T,0.7518911359999999
L49G,0.7518911359999999
Y103V,0.751541253
T107G,0.74994137
V214Y,0.749699971
A23D,0.749397977
P224A,0.749251378
L73Q,0.748715803
I275Y,0.74796033
S2E,0.7477687740000001
G52Y,0.747176515
P65S,0.747040667
I283K,0.746614552
P165F,0.7462109170000001
S201Y,0.74609657
M268C,0.745706616
T107I,0.745430033
L150G,0.745384099
W286F,0.744511347
E35D,0.744467367
E56W,0.744454662
L247F,0.744162441
L223F,0.74360732
E119R,0.743345397
L79I,0.7422351540000001
V21P,0.7421716279999999
E56I,0.7420250290000001
R91L,0.7416057559999999
L89D,0.741574482
G226L,0.741506069
L197R,0.741285194
A23K,0.741253919
S240D,0.741060409
G154T,0.740940197
A235V,0.740748642
R271P,0.739551417
I93Q,0.739337383
T158G,0.739217172
K252P,0.7385760459999999
E35G,0.738461699
F58E,0.7384450840000001
P105F,0.738291644
V214W,0.738075655
R202Y,0.737181401
G239N,0.736167914
L223Q,0.7353078670000001
A215P,0.734671628
F228G,0.734218149
R241T,0.734022684
G234M,0.734013888
P105N,0.734013888
G52R,0.7337128709999999
L191W,0.733588751
L100K,0.7331088840000001
L120V,0.7323407059999999
I11H,0.731672215
F17P,0.731480659
C75L,0.730549267
G141Y,0.7303948490000001
P143E,0.730227727
Q86P,0.7298231140000001
D174T,0.729528939
L28P,0.729498642
D231N,0.72940775
G279F,0.72940775
Y103C,0.7291057559999999
N168I,0.7284900409999999
G76V,0.728478313
A235N,0.728312168
E87N,0.7282222540000001
L10K,0.728058063
L197Y,0.727757047
G154Y,0.727537148
V72L,0.727220495
A9D,0.726868657
V257Y,0.7257935990000001
T178V,0.725708571
I93H,0.7253899629999999
L73N,0.7249648259999999
N272Q,0.7249648259999999
T262F,0.7249648259999999
M115R,0.72457976
I11N,0.724532848
T116Y,0.7239679529999999
T178A,0.7235447709999999
R59S,0.723130385
L197C,0.7229564209999999
L247A,0.722919283
I229A,0.7228401190000001
D212H,0.7223925040000001
R91V,0.722115921
F228W,0.7217073979999999
A132G,0.7216800329999999
A40E,0.721055522
G76Y,0.720522879
E35C,0.720522879
D48V,0.7203840990000001
L49N,0.7200781959999999
S233P,0.720033239
V21W,0.71972929
G154L,0.719610057
D83T,0.7192787429999999
F22P,0.719216194
I256A,0.718907359
L49H,0.718674756
P143I,0.718448993
Q204G,0.718301417
L10R,0.7179837859999999
L137Q,0.717803958
I11R,0.717371003
E87G,0.717283043
I93T,0.717191175
V214P,0.717010369
P249G,0.716413223
A230L,0.7163418779999999
L197S,0.7163418779999999
G76W,0.716079955
L167G,0.715963653
D174A,0.715945084
M67E,0.714385272
W286I,0.71332976
H110D,0.713078587
K30D,0.7127482509999999
N130D,0.71210517
G39P,0.711638008
L197N,0.711181597
L192S,0.710165178
R202L,0.710062559
R255T,0.709873935
N134T,0.7095641220000001
P20C,0.709533825
L49Q,0.7094165459999999
G76I,0.708675733
P165Y,0.708675733
Y103D,0.708675733
A23E,0.708675733
A215Q,0.707707203
R241G,0.707121785
A40D,0.7064552479999999
G216P,0.7064298379999999
P249F,0.706034998
H110I,0.705714435
D99P,0.70560302
P165W,0.7055521990000001
Q274P,0.705418305
T131Y,0.7040217059999999
L197T,0.703929838
A215N,0.70386338
A215K,0.70375001
D231S,0.703664005
V82D,0.703211503
S264R,0.7027531370000001
P20A,0.7024443020000001
N168H,0.702225381
N168L,0.7021608779999999
V214E,0.702059236
V258G,0.702003528
G141I,0.7018178359999999
I11K,0.7014640440000001
I11Q,0.699833864
N130G,0.698495905
I45H,0.698437265
P224C,0.698420651
C121S,0.698167523
R162L,0.698167523
G52W,0.69808836
I93E,0.6980570859999999
P181S,0.6975488759999999
Y95H,0.697230268
G279V,0.696674169
A124I,0.695950948
E164Y,0.695645045
G239S,0.6955150609999999
G76L,0.6951016520000001
L89N,0.6947361320000001
S264V,0.694714631
L191H,0.694319791
R91G,0.693820377
A23R,0.692055326
F70Y,0.691530502
A245V,0.6914767490000001
F58G,0.691134685
F149G,0.6909157640000001
L100R,0.690471081
G279M,0.690060604
Q274D,0.690060604
A16R,0.690060604
A215E,0.689554349
A215H,0.689425342
F64V,0.689014865
T27K,0.688916155
S264I,0.688736327
G76F,0.6883151
P105G,0.6878938720000001
R220Q,0.68775216
D212A,0.6864220190000001
E119C,0.6852609559999999
Y103I,0.685189611
G114W,0.684983395
N130Q,0.684983395
Y103L,0.684983395
V257F,0.6836161159999999
G142Q,0.6836161159999999
D212P,0.683337578
D212K,0.682872371
A15E,0.6826690870000001
E87H,0.682472645
G263F,0.682206812
G236D,0.682168696
I54G,0.68197714
Y95P,0.681682965
Y103Q,0.681528548
E56F,0.680985154
E26E,0.6804126490000001
D212C,0.68029614
R118P,0.679251378
I45E,0.676098524
A246H,0.676098524
G142H,0.676098524
E35M,0.676098524
L100H,0.676098524
L55D,0.676098524
F17E,0.676098524
A215R,0.6757398459999999
D212R,0.674417523
G85I,0.6743051309999999
D48L,0.673714826
E35V,0.672400323
N272C,0.67218922
G263W,0.671722058
G52P,0.671656577
D83N,0.671485545
E46R,0.671211894
G279I,0.671086796
L146Q,0.6705492670000001
G114K,0.669435115
L167P,0.66894743
A15K,0.668357125
N272H,0.6681206120000001
D231H,0.668075655
L167Q,0.668075655
A40I,0.667475577
D177N,0.667411073
L219P,0.667191175
A23T,0.665239455
G239A,0.665068423
S264D,0.664180033
F228E,0.664018774
S264F,0.663881949
T116F,0.663881949
W286L,0.663555522
L197A,0.663375694
P143N,0.663067836
R162R,0.662401288
P105W,0.6621364439999999
L89K,0.6613369920000001
S264E,0.661291057
V29P,0.661226554
G142A,0.6611903929999999
D231G,0.661070182
T27D,0.661062363
L135S,0.660937265
L100S,0.660461308
I243W,0.6601886339999999
S201F,0.659809431
D231E,0.659692152
P65N,0.65873535
M1V,0.658723622
G114C,0.6586464129999999
V42N,0.658529134
G154P,0.658474404
M115S,0.658000401
A40F,0.658000401
A245M,0.657182379
G263P,0.657182379
K213P,0.657084646
V117C,0.657028939
F14H,0.657028939
G279L,0.656552004
L191Q,0.655715412
R271F,0.65450646
L218V,0.654105756
R241Q,0.6536757329999999
R91W,0.6534529029999999
G141V,0.653294576
L47K,0.6526426989999999
L160P,0.65230259
M184Q,0.6516653729999999
S51I,0.6516653729999999
D231M,0.651371198
M67F,0.6511669370000001
R91C,0.650917719
R59C,0.650905014
L49K,0.64974395
N134K,0.649720495
D174M,0.649249423
G263V,0.649034412
R59M,0.648950362
P65H,0.6489317920000001
N134H,0.648611229
A40H,0.6484079460000001
P65V,0.648343442
R220A,0.6482075939999999
A123I,0.648175342
I259Y,0.647140354
L100A,0.6467787429999999
G141L,0.645768188
G154F,0.645001964
V78F,0.6447742470000001
L137E,0.644517211
D231T,0.64363664
S264Y,0.642664201
D231C,0.642649541
R159G,0.6424315970000001
V117A,0.64241205
V29Y,0.639448798
G114D,0.638144068
A235Q,0.637616312
L74E,0.637227336
D212E,0.6359431289999999
L79F,0.635424169
T69P,0.635172996
L150H,0.6348856629999999
L136C,0.634749814
F13K,0.634510369
L146T,0.633944498
G141F,0.6337959439999999
I140N,0.632773661
A123N,0.6324511429999999
D174V,0.631816859
T126W,0.631675147
L192Q,0.631237305
V117P,0.631110252
T116G,0.631076046
R91I,0.631028157
A215C,0.630866898
R241N,0.630669478
T126Y,0.6306616589999999
W286H,0.630351847
R255A,0.6297507920000001
I93A,0.62974786
L120T,0.629267993
V258S,0.629186875
A123Y,0.629186875
N134S,0.6286855060000001
I125A,0.626413223
D231I,0.626404427
H285I,0.62623535
L192H,0.626146413
R241H,0.626050635
N134R,0.6257320270000001
L79C,0.625698798
I243T,0.625638204
A211P,0.624949189
D174H,0.62488664
P105D,0.6246599
G52V,0.624544576
R59Y,0.623974795
L135R,0.623099111
D155E,0.622790276
N152P,0.622502942
T131H,0.6223455920000001
L167F,0.621802199
T158V,0.6213682660000001
L137G,0.62135947
D83K,0.620435897
L197E,0.6202511829999999
D161Y,0.619088165
P65C,0.6189669760000001
P249W,0.618183161
A215Y,0.617817641
D231V,0.61735732
N272V,0.616866703
Q37P,0.6164650220000001
R220S,0.616380971
L219D,0.615740823
L197G,0.6154231920000001
D48K,0.615015647
T198W,0.614731245
M66Y,0.614372566
R63W,0.614227922
L188G,0.614057867
S264L,0.613973817
D174P,0.613879017
P224L,0.613820377
P181I,0.613247664
E195L,0.612859666
L219C,0.612217563
V117F,0.611801222
D231L,0.611532457
M153D,0.610943129
D83H,0.6099228010000001
L218G,0.609864161
D231Y,0.609341292
L137N,0.609262129
I140G,0.609201534
G52C,0.608507633
R63G,0.608119634
L160G,0.608020925
G114T,0.607685702
D48Y,0.607111034
A215V,0.606422996
R241A,0.6058727620000001
T261W,0.605514083
L188W,0.605068423
E46W,0.604428274
R241C,0.603989455
I278F,0.603277961
L135H,0.6030981329999999
D161I,0.602915373
N168E,0.602422801
N134M,0.602138399
D48I,0.601391722
L219W,0.601361425
T147W,0.601239259
D231P,0.6004720579999999
L282E,0.60043492
P224Y,0.600372371
A123E,0.598842856
S104V,0.598470495
R241M,0.598243755
L218F,0.597700362
R59G,0.597282066
N134C,0.596982027
P105C,0.596982027
L120F,0.596948798
S201V,0.59692241
A124N,0.596690784
D212V,0.5964337470000001
Y103R,0.595000987
T187W,0.5948377739999999
A266P,0.594247469
D231K,0.593914201
L219K,0.59355259
G142C,0.5930258110000001
G263I,0.592738477
A235I,0.592254701
D174L,0.5922507920000001
P65K,0.592057281
N134A,0.591846179
L218T,0.59126467
R220H,0.589559236
P143R,0.589499619
N134V,0.587400323
L136T,0.587368071
R220G,0.5873622070000001
P20M,0.5872507920000001
P181G,0.587225381
I283G,0.587112011
G114L,0.586864748
G142K,0.5867425820000001
A34K,0.5865099779999999
L218A,0.586477727
G114E,0.58629008
G239H,0.5857418000000001
T27F,0.585346961
T139P,0.585346961
I93K,0.584588556
T147Y,0.584314904
G154V,0.5841145520000001
A124L,0.5839503620000001
Y260T,0.582690588
P224M,0.582646609
G154W,0.582275225
P143M,0.5813731529999999
G43C,0.580856147
I243A,0.58082585
I140E,0.579668696
S264W,0.5796520820000001
T187E,0.579084255
I229Y,0.578923974
D83C,0.578899541
G114Q,0.5783659210000001
P143L,0.5783659210000001
L100E,0.5783659210000001
A23Y,0.5783659210000001
L10E,0.5783659210000001
R176P,0.577950557
H151P,0.577636835
L188H,0.57748535
I140H,0.576862793
R59L,0.576750401
L191S,0.576703489
I259A,0.576521706
N134I,0.576426906
R59W,0.576411269
L73D,0.576391722
M115F,0.576169869
G142R,0.576005678
K109K,0.575988533
R241V,0.575442738
G226V,0.574890549
I278C,0.5746774920000001
D48R,0.57425431
T178I,0.573805717
T69I,0.5736473910000001
N134Y,0.57317241
P65T,0.5710711589999999
I206D,0.571035975
L197P,0.571009588
D36Q,0.570221863
L137W,0.568884881
Y260C,0.568342465
L219Q,0.56830044
T131N,0.568255483
R220V,0.568219322
L219S,0.56772284
P224V,0.567632926
V117N,0.56686768
L79A,0.566562754
C121V,0.56642886
Y95A,0.5663545839999999
Y44H,0.565961699
R271Y,0.565955835
R255C,0.565755483
I229F,0.564992191
P20V,0.564403841
R255Q,0.563827219
L135Y,0.563824287
D231F,0.563822332
I259T,0.5638194000000001
I283E,0.56370603
M66S,0.563362989
T27G,0.56293492
E35R,0.562897781
A235C,0.562728704
A185T,0.561741605
L47H,0.560596179
I93W,0.560432965
L219A,0.560290276
E35T,0.5602677970000001
M115Y,0.5600410570000001
R255S,0.559824091
N168R,0.5597048570000001
T147P,0.55970388
P143F,0.559449775
A245L,0.559284607
D83M,0.559202512
S104R,0.559028548
E195I,0.5588194000000001
L219N,0.5586815970000001
L49E,0.558081519
D174I,0.557834255
P65I,0.557450166
L282G,0.557348524
L218P,0.557219517
L219E,0.55711983
Y95C,0.556509978
L135N,0.556091683
L47W,0.556003724
L167H,0.55591381
L89R,0.555862011
R63D,0.555758415
E270P,0.555370416
D161F,0.554995123
E35N,0.554775225
S233V,0.554250401
G248H,0.55393277
L49R,0.553277961
G239C,0.5532242079999999
W286N,0.553027766
N134F,0.5525498529999999
L146G,0.5520289389999999
D161G,0.5519185010000001
W208E,0.551821746
R271W,0.551333082
M209A,0.551091683
L167E,0.55074571
P65G,0.549432183
F64W,0.548941566
G236G,0.548745027
L223N,0.548444107
R202W,0.548379603
I93M,0.548294576
T27R,0.547771706
A230W,0.547146218
S240M,0.546994732
L223G,0.546665373
T126F,0.545788712
I140W,0.545788712
I243E,0.54571639
I45G,0.545254115
T261G,0.54453578
G236C,0.544236718
V257S,0.5439875
W286Q,0.543461699
L247Y,0.543357125
L219R,0.5433082579999999
R220T,0.5426358579999999
A215M,0.542110057
K190P,0.541955639
V31S,0.5418158820000001
L47G,0.541345788
G114P,0.540776984
A123H,0.540776984
W208C,0.540123153
P143K,0.538857516
A34H,0.538745123
D231R,0.538697234
P20Y,0.538548681
G279Y,0.53838449
L223W,0.538239846
I244F,0.538233982
L28I,0.537643677
D83V,0.5371980160000001
G279W,0.536480659
C121T,0.535873739
T178M,0.535823896
T131P,0.535805326
T107N,0.5352482510000001
P224F,0.535236523
Y103E,0.535181792
L219H,0.535123153
S281P,0.53508406
W227M,0.534749814
L79Q,0.534618853
D177C,0.534037344
V78S,0.5340099779999999
A123M,0.533942543
N134G,0.533729486
R241L,0.532971081
I244S,0.5327873439999999
P253Y,0.532757047
T261K,0.5326192439999999
L205C,0.532443325
R162F,0.532214631
L218D,0.532094419
N272I,0.531826632
A40K,0.5317826520000001
T178Q,0.53147284
L197W,0.531184529
M184T,0.530752551
A215I,0.5306254979999999
A185I,0.5303567339999999
I275T,0.530288321
D83R,0.53020818
P224I,0.529847547
L205W,0.529499619
L219T,0.529499619
Y44W,0.529499619
S201W,0.529499619
D33F,0.529499619
R59F,0.529499619
G248S,0.52891811
P181L,0.528838946
D174R,0.528770534
I283N,0.528611229
V78E,0.5277834339999999
N168W,0.52772284
F13N,0.527434529
A246K,0.527413028
T178G,0.526996687
Y95T,0.5263194
R220N,0.52563234
W208N,0.525427101
W208A,0.525220885
S201P,0.5248895720000001
I45R,0.524876867
L282N,0.5247234270000001
D212Y,0.524693129
I93R,0.524134099
R255E,0.524069595
V117Q,0.523750987
M115K,0.5235623629999999
R59E,0.523391331
I125N,0.5232349589999999
P65Q,0.522784412
A84P,0.522071941
L218N,0.521881362
R220F,0.521846179
I259W,0.521355561
T179A,0.520886444
A40Y,0.520614748
W208I,0.520450557
W208H,0.520388986
A215F,0.520255092
L10D,0.520142699
F14Q,0.520102629
T131E,0.519726358
R220C,0.5193246770000001
D174Y,0.519212285
I125S,0.5184832
E35K,0.518442152
M115E,0.51835517
L197D,0.5181196339999999
E35I,0.5172830429999999
A34N,0.517043599
I93N,0.516998642
G248A,0.5167279220000001
A40P,0.51638879
T261N,0.516313536
T27E,0.515537539
S240F,0.515399736
R162Y,0.5149716670000001
G52I,0.514952121
W208Q,0.5148817529999999
V78H,0.514839728
L100G,0.514839728
I256Y,0.5147996579999999
R241I,0.514766429
L73E,0.514627649
T69V,0.513610252
L47R,0.512999423
L137H,0.512724795
D177G,0.51255474
I125H,0.5122087670000001
A123L,0.5121599
G226I,0.5120680320000001
H110P,0.510797508
I243Q,0.510501378
I140K,0.5102492279999999
I93S,0.509253333
T261R,0.509007047
L223H,0.508920065
S264P,0.508893677
V72G,0.50858191
N130T,0.5075449670000001
G279N,0.506945866
V117H,0.505066468
E119Y,0.505066468
R220L,0.504987305
L218Q,0.5047156079999999
D231W,0.504538712
T158C,0.504325655
A246D,0.504212285
L120S,0.503963067
L205A,0.503956226
E145E,0.503816606
V78Q,0.503708962
V117Y,0.503393286
A16D,0.502845006
D161L,0.50213449
N272M,0.501576437
R220M,0.501307672
V117S,0.5007281179999999
L100N,0.500179838
A23W,0.500179838
A230Y,0.499004115
A34E,0.498854584
I45N,0.498175342
W208T,0.497802981
F17D,0.497629994
P65L,0.496884294
L167D,0.496481636
G242N,0.496434724
R202F,0.496181597
L120H,0.495669478
R241E,0.495558063
G114R,0.494935506
S104Y,0.4945953970000001
D174F,0.494398954
Y95G,0.493269165
L218S,0.493058063
L223Y,0.492993559
M184S,0.490406577
T187Y,0.490406577
G141W,0.489518188
L218H,0.489244537
K284P,0.487275225
T69M,0.48714915
P143Y,0.486741605
S240Y,0.486701534
Y44C,0.486298876
D48F,0.486271511
M209F,0.484705835
T69A,0.483830151
A235E,0.483736327
M115N,0.483348329
V72F,0.482906577
G114V,0.481797312
M180P,0.481554935
L73L,0.48099346
S51P,0.480633317
E119L,0.480633317
D174K,0.479719517
A245F,0.479152668
R220I,0.479106734
A40R,0.478898563
G248N,0.478638595
L188Q,0.478411855
L191E,0.477991605
R220E,0.477794185
W208S,0.476421042
P224W,0.473956226
I11E,0.472968149
P20F,0.472814709
K53P,0.472790276
T69Y,0.471748446
R220D,0.470905991
N168F,0.470694889
M209W,0.470345983
D83I,0.470152473
T158M,0.469774247
P65Y,0.469356929
T178N,0.469135076
S201I,0.468998251
L219Y,0.46747069
I278T,0.466927297
F228D,0.464891527
N168Y,0.464640354
N130A,0.464612011
V42S,0.464344224
N272R,0.464344224
V78W,0.463181206
P65F,0.462786366
L282Y,0.462715999
M115H,0.461086796
V78Y,0.458154818
V31F,0.458079564
I229T,0.458079564
E35H,0.458079564
D161K,0.456796335
A132C,0.456200166
D212M,0.456200166
P143D,0.456200166
L205T,0.455502355
R202D,0.454570964
L73W,0.453978704
L47N,0.453978704
D48W,0.453485154
I256T,0.451833473
T131Q,0.450561972
L219G,0.450181792
M209G,0.450091878
L218Y,0.448376671
D161W,0.448056108
E87K,0.447906577
I229S,0.447489259
S128G,0.447463849
G239Q,0.445729095
D161R,0.445022488
K213D,0.444877844
L74S,0.444576828
L79S,0.444144849
W227A,0.444044185
P20L,0.442208767
A215L,0.442081714
V31V,0.440873792
K30P,0.438031675
V117E,0.4369654120000001
L191N,0.436209939
V31W,0.436209939
A235Y,0.435413419
R220W,0.435221863
L79T,0.434316859
W286P,0.433377649
D212I,0.433343442
G279Q,0.431767015
L49D,0.431767015
L223P,0.429848524
D83Y,0.429387226
S233C,0.428628821
L192G,0.428191957
L135W,0.428008219
C121Q,0.427325068
G236E,0.426825655
P20I,0.426712285
R241F,0.426336992
A133V,0.425807281
A235R,0.424001183
S201D,0.422935897
R220Y,0.422828391
T69L,0.422551808
N168K,0.422168696
L120Q,0.421993755
L160D,0.421993755
N134E,0.421335037
R220P,0.420739846
E119F,0.41955044
A9A,0.419222736
W286E,0.418611229
F64L,0.416730854
M115G,0.416730854
Y103K,0.4154779220000001
L188N,0.414885663
Y44A,0.414484959
S104K,0.414427297
A215W,0.414314904
I140D,0.412220495
A230F,0.411858884
T131W,0.410823896
F64Q,0.410823896
D174W,0.410823896
L79Y,0.410308845
A34P,0.409314904
G236Q,0.406980072
Q204P,0.404172215
V31G,0.402769752
G114I,0.402447234
T27Y,0.402447234
I140R,0.402219517
M209T,0.401083864
R162V,0.400352824
D212F,0.399655014
F14N,0.398171433
N272K,0.397504896
M209Q,0.396862793
L192N,0.396862793
T158I,0.3961082970000001
G242M,0.395648954
T179V,0.394684333
G279E,0.394474208
I275W,0.393759783
Q203C,0.393759783
A245I,0.392499032
Y95S,0.390552199
D212W,0.390139767
A235H,0.389687265
L218E,0.38750001
R59T,0.386696648
T147F,0.386270534
E87R,0.385425147
I229N,0.383729486
I243H,0.383466585
C75N,0.382900713
V258N,0.382900713
V42H,0.382900713
A235K,0.382900713
L218R,0.381142504
P65M,0.3805737
L223E,0.380211112
G239T,0.379612989
W286R,0.378976749
I229W,0.378828196
R255F,0.3786513
A235D,0.378578
T69G,0.378458767
A235F,0.378458767
G154I,0.378458767
L79N,0.377983786
F70E,0.377757047
L120Y,0.37608191
F14P,0.375749619
I283P,0.375159314
S240V,0.374876867
V214D,0.374812363
G239D,0.374604193
Y260S,0.374062754
L218W,0.373381558
V31N,0.373127453
P20W,0.373127453
R255G,0.372775616
F64I,0.3723348420000001
W227S,0.371730854
I243D,0.371047703
H285P,0.369735154
C18K,0.368938634
T126P,0.367543012
L74G,0.36661162
F58D,0.36661162
L79E,0.36638879
L160Y,0.366265647
L282K,0.365653841
N134L,0.36480259
W286K,0.364717563
R241Y,0.364594419
W227H,0.364105756
Y260W,0.363897586
L218K,0.363557477
S104D,0.363354193
I93P,0.362087578
A215D,0.361810018
N168P,0.361620416
W286D,0.361521706
Y260A,0.360384099
A246R,0.360370416
G236H,0.358467563
N134W,0.35624609999999995
V257E,0.355568814
M184H,0.354977531
A133P,0.354296335
W208V,0.354104779
N272L,0.353580932
E35L,0.353580932
S57P,0.353301417
L74Q,0.353251573
V157P,0.352829369
I275A,0.352495123
G236I,0.351529525
L136S,0.350788712
A124Q,0.350323505
V258F,0.350323505
D83L,0.349923778
F70K,0.349528939
I243S,0.349397
L205Q,0.348406968
L205E,0.3470651
R255N,0.346599892
L167K,0.346250987
G242T,0.346203098
S240L,0.345495514
G239M,0.343871198
I256G,0.343807672
I243N,0.343460721
R59D,0.343392308
P65E,0.34293589700000005
L282H,0.342623153
M1T,0.34217847
L160K,0.341488477
G239R,0.34115618600000003
I229H,0.339957985
L135G,0.339693129
F64C,0.33964230799999995
G239K,0.33961885299999994
M209I,0.338688438
G242H,0.337591878
S104I,0.33752444299999995
A15D,0.33708855600000004
G236M,0.335989064
G239F,0.335192543
D212L,0.334785975
I125F,0.334034412
V101P,0.334034412
M209S,0.333206616
W227C,0.331001769
V257W,0.330915764
F14K,0.330915764
S233W,0.330493559
S104P,0.330459353
A34R,0.329784998
A230T,0.329093051
G248C,0.328467563
V78N,0.32747069
T178L,0.327367093
R255Y,0.327053372
A123D,0.325890354
R241W,0.325890354
E119W,0.324261151
F13R,0.323831128
W227T,0.322889963
T27W,0.322758024
D207P,0.322460917
Y260Q,0.322399345
R189P,0.321365334
L247S,0.319592465
I229Q,0.318813536
P181M,0.318603411
T178Y,0.318389376
M66E,0.318246687
M67Y,0.318138204
W227V,0.317270338
A34D,0.316677101
P143W,0.316031089
L146H,0.315709548
G76H,0.315239455
W227G,0.314825068
L192E,0.313913223
L79G,0.312558649
D48P,0.312442348
D177S,0.311147391
L136G,0.311009588
L120G,0.308940588
C121N,0.308623935
S240R,0.307267406
L160E,0.306702512
I278A,0.305045944
Q203P,0.304961894
Y44T,0.304629603
F13E,0.304237695
I125Q,0.303085428
G239Y,0.302561581
G142M,0.301457203
I45D,0.30080532600000004
Y44G,0.30017983800000003
G248W,0.299384294
S201E,0.299313927
G142Y,0.29913019
I11D,0.297384685
R162W,0.296803176
I244G,0.296456226
G216G,0.296109127
T131K,0.296027179
T178D,0.295853215
T178K,0.295808258
D83P,0.295440784
I229G,0.294343247
L146N,0.293593638
I229K,0.29356725
P65R,0.293551613
G242Q,0.29345388
G248R,0.293123544
T178F,0.292685702
L150E,0.292516624
D155S,0.29214915
I93D,0.292039689
T178E,0.290916742
E87P,0.290598133
I244Y,0.290311777
M66N,0.290089924
T69N,0.289935506
E277P,0.28892690600000004
Y95Q,0.287581128
R241D,0.287176515
L205Y,0.286253919
L120N,0.28516811
L160W,0.28516811
D155Q,0.28516811
T116W,0.28516811
L100D,0.28516811
V78K,0.284373544
V117G,0.284340315
L55P,0.282760956
S104Q,0.28179829
E35Y,0.281548094
L167R,0.281276398
G248K,0.28125880600000003
G236V,0.281193325
T107F,0.28072616300000003
E35F,0.28028148
D83W,0.280024443
T178R,0.279375498
T131R,0.27818707
T69E,0.27818707
A132T,0.277929056
C75D,0.277650518
L167Y,0.277349502
W227I,0.277190197
I278W,0.276669283
T178H,0.276488477
L282W,0.276100479
D83F,0.275948016
R162I,0.27430904
A133N,0.270611816
I244N,0.270026398
S104F,0.268879017
S233L,0.2679789
R59I,0.265621589
A185L,0.265046921
D177A,0.264942348
F70R,0.264088165
M1F,0.263449971
A230Q,0.263228118
L247E,0.262829369
V72Q,0.262614357
W286V,0.26236416100000004
A123K,0.260734959
W286G,0.260734959
I229E,0.258924951
L247Q,0.257522488
E119V,0.257497078
M115W,0.253893677
N272Y,0.253893677
G248D,0.253578
I93G,0.253086405
G142P,0.249628626
L74N,0.248518384
M184G,0.24686768
L191G,0.246649736
A230R,0.246161073
F14E,0.246075068
L146E,0.245907946
N272F,0.245072332
A15R,0.245058649
T262Q,0.244445866
D177E,0.244321746
D155C,0.243282848
S240P,0.242455053
M67K,0.242136444
G234Y,0.240911855
I256E,0.240744732
I45W,0.240060604
G142V,0.239293403
L223D,0.23887413
W208G,0.238047312
G236F,0.237912441
A133F,0.237878235
T131I,0.237387617
N130L,0.237387617
L74K,0.236301808
F64H,0.236301808
C121E,0.234981441
S233Y,0.233650323
I229R,0.233372762
M184N,0.233247664
L146S,0.23304438
W286S,0.231559822
L79W,0.231459158
V117W,0.230437852
V117R,0.227916351
T107Y,0.227416937
E164H,0.226528548
I275H,0.225978313
F64T,0.22567925100000005
T187R,0.225480854
V117K,0.225442738
P65W,0.223736327
V78G,0.223549658
V257N,0.22327112
L167W,0.221564709
Y95N,0.220444693
G76Q,0.220012715
G142F,0.220012715
I256S,0.218233004
I259S,0.216904818
R59V,0.216755287
G239E,0.216702512
M115P,0.215726163
S104W,0.215359666
F64A,0.214518188
T69Q,0.212566468
S233Q,0.21132624100000005
S128T,0.209459548
G85P,0.206877453
T158N,0.20651682
C18R,0.206351652
L137K,0.206230463
M209V,0.205205248
T107W,0.205205248
I229D,0.204977531
T179I,0.204666742
L79H,0.204564122
V42Q,0.204249423
M115D,0.203724599
G236L,0.203301417
V42G,0.203274052
L47D,0.203072723
G43T,0.202587969
W286T,0.202022097
S240K,0.201923387
S233N,0.201737695
S68C,0.201063341
M1W,0.201009588
L192K,0.199652082
A123R,0.197646609
G236W,0.196970299
A245W,0.194658923
M127P,0.19429438
M67R,0.193995319
A245Y,0.19391811
L137D,0.193543794
G248Q,0.193019947
Y95R,0.19214524
Y44E,0.191658532
K32P,0.19134481
G142L,0.190150518
V31H,0.189656968
G248F,0.187435506
E164D,0.187435506
N272W,0.187435506
G239W,0.184704857
T158H,0.183881949
L282D,0.181434724
Y260H,0.180616703
S240I,0.179447821
S233F,0.1792289
L188E,0.178314122
D177Y,0.178273075
V258Y,0.17812745300000002
A235W,0.177325068
E164K,0.17681295
Y95E,0.176049658
G236Y,0.175517015
W208R,0.174896413
I283D,0.17459441899999995
V257Q,0.17454750800000002
S233H,0.174108688
M1C,0.173955248
M153P,0.172004505
A280P,0.171587187
L205S,0.17156470899999998
G242V,0.170868853
G234Q,0.170638204
I256W,0.169665764
D177F,0.169665764
N272P,0.169432183
S233R,0.168472449
L150D,0.168397195
T187K,0.16815775
T158Q,0.16758406
V106P,0.167268384
T179M,0.16693707
M1Y,0.165717367
A77P,0.165514083
V258D,0.165495514
D177H,0.165192543
T131D,0.164166351
M1N,0.163979681
P65D,0.16384481
T107D,0.163002355
L136Q,0.162564513
T158L,0.161187461
V72Y,0.159512324
N130V,0.158867289
D155A,0.15883112800000002
S80P,0.158318032
G239L,0.158267211
M1Q,0.158115725
M184K,0.157029916
D177I,0.156894068
D155I,0.156572527
F64S,0.156338946
M66P,0.155484763
A276P,0.155157359
M1K,0.154858297
R162P,0.153229095
E35W,0.152941761
R202P,0.152649541
F70D,0.151896022
D129E,0.151620416
I244E,0.1508151
T262P,0.15078578
I275Q,0.150673387
S104E,0.149755678
G76N,0.149428274
T179G,0.149120416
G248M,0.148342465
Y95K,0.148027766
G234N,0.147618266
V257H,0.147339728
N130E,0.147193129
W227L,0.146190393
A230H,0.145550244
T261D,0.145550244
V257G,0.145251183
L247H,0.145195475
E119I,0.144677492
D177V,0.143445084
L136N,0.143370807
A133H,0.143360057
W286C,0.143114748
G248Y,0.142641722
F64K,0.142328
T193P,0.142010369
G236R,0.141378039
C121F,0.14101252
S240W,0.140145631
M1E,0.140145631
D177Q,0.139889572
V72N,0.138569204
L191K,0.13724883699999998
R91P,0.13715696800000002
V72E,0.137088556
I275S,0.136953685
G236K,0.13608484199999998
D177W,0.135694889
Y95D,0.135395827
G234F,0.135311777
M66W,0.135311777
G242E,0.13439309
T158Y,0.134127258
I125G,0.133052199
G248T,0.132082692
G279R,0.131861816
I244Q,0.131730854
I206P,0.131588165
I256Q,0.131051613
I259G,0.130726163
M1D,0.130425147
M67W,0.12994625699999998
G142W,0.12994625699999998
L136E,0.12984266
M1S,0.129172215
G234L,0.128795944
D155T,0.127710135
G76E,0.127292817
S104L,0.126773857
I125E,0.126650713
S233K,0.125821941
L247G,0.124921824
D177T,0.123751964
G239P,0.123549658
G142I,0.122280111
M184E,0.121465999
Y260N,0.120244341
I45K,0.119520143
P181N,0.119207398
I259N,0.119022684
T107Q,0.119022684
V31Y,0.118448016
A124E,0.118076632
M1A,0.11697714
E61P,0.116637031
F64R,0.116357516
T158D,0.113873153
D155V,0.113509588
G234E,0.112822527
G239V,0.112589924
L282R,0.112370025
I256N,0.111421042
K71R,0.111421042
V82P,0.111116116
V31P,0.11108191
W208K,0.110878626
L120E,0.110646022
D177M,0.10849786
D155H,0.108027766
N130I,0.108027766
L74P,0.107802004
L150P,0.107327023
T107E,0.107155014
Y44S,0.106949775
M1R,0.106949775
T107R,0.105991996
L160R,0.105839533
I275G,0.105612793
L73K,0.104739064
D155P,0.104739064
C75E,0.103664982
D177L,0.103664982
R255W,0.103664982
Y44D,0.103385467
K232A,0.103076632
D177R,0.102647586
T179L,0.102303567
N130M,0.101919478
A245N,0.101793403
T107H,0.100980268
A230N,0.100561972
D155F,0.100561972
D155M,0.100561972
V31D,0.099727336
T178W,0.099264083
G248V,0.099010956
G76D,0.098922996
D155G,0.098770534
I278Y,0.098587774
T107P,0.09820173
S233E,0.097985741
L135D,0.097923192
L205N,0.097846961
C75Q,0.097220495
I243G,0.097115921
L137R,0.096352629
A245Q,0.095662637
W227N,0.095626476
E164R,0.095451534
I140P,0.09484657
D129C,0.094541644
I244H,0.092368071
A124D,0.09151291
K232T,0.09127933
D129S,0.090491605
M184W,0.08970290300000001
T69F,0.08970290300000001
V31Q,0.08970290300000001
D177P,0.08970290300000001
E164P,0.08970290300000001
D155L,0.08970290300000001
D155Y,0.08970290300000001
L192D,0.08970290300000001
L192R,0.08970290300000001
F228P,0.08970290300000001
E35P,0.08970290300000001
D33P,0.08970290300000001
C18I,0.08970290300000001
F13D,0.08970290300000001
F14R,0.08970290300000001
M1H,0.08970290300000001
L136H,0.087506851
G248E,0.08743062
T107K,0.08743062
V78D,0.084691175
I259Q,0.084559236
A230E,0.08427287900000001
L247R,0.084171237
V31E,0.08411846199999999
D177K,0.08411846199999999
K232N,0.08366986900000001
K232C,0.083397195
Y44Q,0.082185311
V31R,0.08172499
L79R,0.081326241
N130P,0.080394849
I275E,0.079306108
A230K,0.078843833
G242D,0.07820466200000001
G43F,0.07820466200000001
I275N,0.077784412
A185Q,0.077735545
V31K,0.07748632700000001
W227Q,0.07748632700000001
F149P,0.077092465
E56P,0.076376085
A185N,0.075740823
L205H,0.075740823
F64E,0.075740823
L188K,0.073854584
R255D,0.073793012
D129N,0.07358191
C75P,0.07341381
M209E,0.07341381
D161P,0.07341381
L74H,0.07245603
G239I,0.072160878
I125D,0.071933161
L79D,0.071933161
W227E,0.07160477900000001
T69T,0.071564848
P181H,0.071262715
G279D,0.070156382
G279K,0.070156382
L247P,0.068759783
M209Y,0.067984763
K232V,0.06736416099999999
R81P,0.066974208
M1P,0.065269752
I256D,0.064482027
K232S,0.064308063
V42E,0.063446061
S233I,0.06339035400000001
N130H,0.062742387
F14D,0.06177972
W227R,0.061057477
L191D,0.060383122
V257D,0.059631558
G76P,0.05712569400000001
M209N,0.05712569400000001
I278S,0.05712569400000001
L188D,0.054519165
V117D,0.054163419
T178P,0.053053176
C75H,0.052113966
T69K,0.052113966
I259H,0.05169567
M209K,0.050609861
L191R,0.050318618
T69D,0.049721472
K232I,0.049563145
I125Y,0.048980659
E210P,0.048980659
L282P,0.046266624000000006
M66K,0.045980268
W227D,0.044909118
L146P,0.044714631
M1G,0.044595397
T187P,0.044327609
L150K,0.043551613
A133E,0.043408923
T158P,0.042483395
C121H,0.040836601
L120K,0.040836601
L74D,0.040836601
W208P,0.040836601
R59P,0.039583669
V257K,0.038265256
G43Y,0.036394654
L136R,0.035720299
Y260G,0.035638204
L146K,0.034728313
S68P,0.033382535
A133I,0.031063341
Y260E,0.031063341
I278Q,0.030214044
K232D,0.029977531
L146R,0.029077414
K71H,0.028620025
P181E,0.028620025
L79K,0.028620025
A123P,0.028620025
Y260K,0.027509783
A246P,0.027509783
N130F,0.027509783
I256H,0.026874521
D155R,0.026874521
G76R,0.025964631
M66R,0.025905014
L136F,0.025615725
M184R,0.025342074
K232E,0.024547508
G234R,0.02379008
G248L,0.02338449
K232G,0.02213449
G43L,0.022041644
T179P,0.020615725
F70P,0.019894459
I278D,0.019894459
V42K,0.019894459
G234V,0.019660878
G43V,0.01959051
A132V,0.019457594
G234T,0.018190979
D129G,0.018148954
L205G,0.017308453999999997
A133D,0.017029916000000003
A185P,0.014526007
F64G,0.014183943
I259E,0.013685506000000002
I256K,0.012913419
L247D,0.011515842
E164M,0.011515842
S128N,0.011515842
N134P,0.011515842
G242R,0.011261738
S68N,0.010294185
A235P,0.0100694
Y44R,0.009971667
I275D,0.009424365
N130R,0.009424365
I275K,0.008818423
Y260D,0.00872069
K71T,0.008261346999999999
V72D,0.008261346999999999
E164T,0.008261346999999999
E164V,0.008261346999999999
D129K,0.007606538
A132E,0.0074013
G43W,0.0074013
V42D,0.007010369
G236P,0.007010369
S68H,0.006345788000000001
G76K,0.005935311
K232H,0.005935311
K232Q,0.005935311
K71S,0.005935311
T179D,0.005935311
I256R,0.00560302
K232Y,0.005300049
A230P,0.005300049
A124K,0.004997078
I244K,0.004752746
C121Y,0.004713653
S68G,0.004469322
C121D,0.004185897
C75K,0.004185897
I259D,0.004185897
L79P,0.004185897
T158E,0.004185897
S128I,0.004185897
V257R,0.003140158
L188R,0.003101065
I278E,0.0028274140000000003
V42P,0.0028274140000000003
Y44N,0.0024462570000000003
K71N,0.001742582
P181K,0.001273466
V42R,0.001273466
I243K,0.000853215
T69R,0.000853215
S128A,0.000853215
I278K,0.000472058
N130K,0.000472058
L150R,0.000198407
I244D,-3.620000000000001e-05
D129A,-0.000251163
S68L,-0.000309803
I244P,-0.000407535
T179R,-0.0007691460000000001
A133R,-0.000788692
S68R,-0.000905971
P181R,-0.000964611
I244R,-0.00105257
L205R,-0.00105257
C75R,-0.001287129
C75W,-0.0015119139999999998
I259K,-0.0015119139999999998
M67P,-0.0015119139999999998
E164A,-0.0015119139999999998
I125R,-0.0016878320000000002
S68A,-0.001726925
P181D,-0.001922391
T179K,-0.002020123
A185E,-0.002284001
T179N,-0.002284001
L188P,-0.002440373
L135P,-0.002440373
A185D,-0.002596746
S68T,-0.002596746
V78R,-0.002792211
L247K,-0.002889943
T158K,-0.002889943
L136P,-0.0030854090000000003
L136D,-0.003144048
G43D,-0.003378606
W227K,-0.003378606
G242I,-0.003486112
A245D,-0.003583845
S68D,-0.003583845
V72R,-0.00377931
S68V,-0.00377931
T179H,-0.003955229
A230D,-0.004043188
G43R,-0.004267973
S128R,-0.0043461590000000005
G43E,-0.004414572
G242Y,-0.004473211
T179E,-0.004473211
A124R,-0.004776183
A132R,-0.004776183
I243P,-0.004776183
L47P,-0.004776183
A245R,-0.004844595
I259R,-0.004873915
L137P,-0.004913008
A245K,-0.004971648
T158R,-0.00506938
L191P,-0.00515734
I278R,-0.005235526
P181Y,-0.005753509
D129R,-0.005782828
D129H,-0.005909881
A245E,-0.00599784
A245P,-0.006036933
D129V,-0.006036933
D129L,-0.006183531999999999
K232L,-0.006251945
T179Q,-0.006427864
I243R,-0.00644741
G242P,-0.006730835
L73R,-0.006809021
G242L,-0.007356323
A124F,-0.008030678000000001
A124H,-0.008030678000000001
A124P,-0.008030678000000001
A124Y,-0.008030678000000001
A132K,-0.008030678000000001
A132L,-0.008030678000000001
A132M,-0.008030678000000001
A132P,-0.008030678000000001
A133L,-0.008030678000000001
A133Q,-0.008030678000000001
A185K,-0.008030678000000001
A185R,-0.008030678000000001
A185Y,-0.008030678000000001
A245H,-0.008030678000000001
C121K,-0.008030678000000001
C121P,-0.008030678000000001
C121R,-0.008030678000000001
C121W,-0.008030678000000001
C75Y,-0.008030678000000001
D129F,-0.008030678000000001
D129I,-0.008030678000000001
D129M,-0.008030678000000001
D129P,-0.008030678000000001
D129Q,-0.008030678000000001
D129T,-0.008030678000000001
D129W,-0.008030678000000001
D129Y,-0.008030678000000001
G242F,-0.008030678000000001
G242K,-0.008030678000000001
G242W,-0.008030678000000001
G248P,-0.008030678000000001
G43I,-0.008030678000000001
G43K,-0.008030678000000001
G43M,-0.008030678000000001
G43N,-0.008030678000000001
I125K,-0.008030678000000001
I125P,-0.008030678000000001
I125W,-0.008030678000000001
I244W,-0.008030678000000001
I256P,-0.008030678000000001
I259P,-0.008030678000000001
I45P,-0.008030678000000001
K232F,-0.008030678000000001
K232M,-0.008030678000000001
K232P,-0.008030678000000001
K232W,-0.008030678000000001
K71E,-0.008030678000000001
K71I,-0.008030678000000001
K71P,-0.008030678000000001
K71Y,-0.008030678000000001
L120D,-0.008030678000000001
L120R,-0.008030678000000001
L120W,-0.008030678000000001
L136K,-0.008030678000000001
L136W,-0.008030678000000001
L136Y,-0.008030678000000001
L205D,-0.008030678000000001
L205K,-0.008030678000000001
L74R,-0.008030678000000001
M184D,-0.008030678000000001
M184P,-0.008030678000000001
M209R,-0.008030678000000001
P181F,-0.008030678000000001
P181Q,-0.008030678000000001
P181W,-0.008030678000000001
T179F,-0.008030678000000001
T179W,-0.008030678000000001
T179Y,-0.008030678000000001
T69W,-0.008030678000000001
V257P,-0.008030678000000001
V258R,-0.008030678000000001
V72K,-0.008030678000000001
V78P,-0.008030678000000001
Y260P,-0.008030678000000001
Y260R,-0.008030678000000001
Y44K,-0.008030678000000001
Y44P,-0.008030678000000001
F64D,-0.008030678000000001
L146D,-0.008030678000000001
E164F,-0.008030678000000001
E164G,-0.008030678000000001
E164N,-0.008030678000000001
E164S,-0.008030678000000001
G234D,-0.008030678000000001
G234I,-0.008030678000000001
G234K,-0.008030678000000001
G234P,-0.008030678000000001
G234W,-0.008030678000000001
I275P,-0.008030678000000001
I275R,-0.008030678000000001
I278G,-0.008030678000000001
I278H,-0.008030678000000001
I278N,-0.008030678000000001
I278P,-0.008030678000000001
M66D,-0.008030678000000001
S233D,-0.008030678000000001
S68E,-0.008030678000000001
S68F,-0.008030678000000001
S68I,-0.008030678000000001
S68K,-0.008030678000000001
S68M,-0.008030678000000001
S68Q,-0.008030678000000001
S68W,-0.008030678000000001
S68Y,-0.008030678000000001
S128C,-0.008030678000000001
S128D,-0.008030678000000001
S128H,-0.008030678000000001
S128K,-0.008030678000000001
S128L,-0.008030678000000001
S128Q,-0.008030678000000001
S128V,-0.008030678000000001
S128W,-0.008030678000000001
S128Y,-0.008030678000000001
I229P,-0.008030678000000001
N130W,-0.008030678000000001
R241P,-0.008030678000000001
R255P,-0.008030678000000001
W227P,-0.008030678000000001
R159P,-0.008030678000000001
