t,F
0.000000000000000000e+00,1.480592793419273630e-05
1.001001001001001062e-01,-6.136760956686347920e-06
2.002002002002002123e-01,-1.152391762994864832e-05
3.003003003003003046e-01,1.227311145297531344e-05
4.004004004004004247e-01,-3.215084445988544351e-05
5.005005005005005447e-01,4.012585532730531988e-05
6.006006006006006093e-01,-4.926423107127616896e-05
7.007007007007007848e-01,-5.017979783082132824e-05
8.008008008008008494e-01,-2.057351851456912532e-05
9.009009009009009139e-01,5.302566960792259160e-05
1.001001001001001089e+00,7.905450621578559032e-05
1.101101101101101154e+00,-3.824044490210727447e-05
1.201201201201201219e+00,7.177355747962809915e-05
1.301301301301301283e+00,3.834088643423540368e-05
1.401401401401401570e+00,2.514770986301395625e-05
1.501501501501501634e+00,4.461050079352847387e-05
1.601601601601601699e+00,-2.971300914271410412e-05
1.701701701701701763e+00,-1.395538519784811696e-06
1.801801801801801828e+00,3.350050213828212765e-06
1.901901901901902114e+00,8.751344705902819798e-05
2.002002002002002179e+00,2.950642203053137656e-05
2.102102102102102243e+00,9.098850713148631743e-05
2.202202202202202308e+00,1.234526233976243983e-04
2.302302302302302373e+00,6.703459927741123282e-05
2.402402402402402437e+00,1.145581120705874124e-04
2.502502502502502502e+00,5.367858951586152469e-05
2.602602602602602566e+00,1.749862409927008873e-04
2.702702702702703075e+00,9.450088316617611620e-05
2.802802802802803139e+00,1.984718147232241922e-04
2.902902902902903204e+00,2.001157029996869236e-04
3.003003003003003268e+00,2.375046795243398816e-04
3.103103103103103333e+00,1.852348414712419108e-04
3.203203203203203397e+00,1.905391940526306128e-04
3.303303303303303462e+00,2.210950342197832400e-04
3.403403403403403527e+00,1.293649784935146788e-04
3.503503503503503591e+00,1.886538054701207209e-04
3.603603603603603656e+00,2.287447863350463022e-04
3.703703703703703720e+00,3.523739180234450319e-04
3.803803803803804229e+00,3.457243300899767811e-04
3.903903903903904293e+00,1.981888626115772952e-04
4.004004004004004358e+00,2.140767933167854204e-04
4.104104104104104422e+00,3.059021999917166954e-04
4.204204204204204487e+00,2.282992661984829656e-04
4.304304304304304551e+00,3.998744388139628008e-04
4.404404404404404616e+00,3.600499164531319510e-04
4.504504504504504681e+00,3.392715082630973385e-04
4.604604604604604745e+00,3.315756315257440486e-04
4.704704704704704810e+00,3.363269638420943717e-04
4.804804804804804874e+00,4.160242448992267387e-04
4.904904904904904939e+00,3.693114089811030411e-04
5.005005005005005003e+00,3.350780195807358968e-04
5.105105105105105068e+00,4.018771713052950102e-04
5.205205205205205132e+00,3.609867915396249038e-04
5.305305305305305197e+00,3.913274996143787472e-04
5.405405405405406150e+00,3.504038989601454719e-04
5.505505505505506214e+00,4.486191273997003088e-04
5.605605605605606279e+00,5.109414681331461792e-04
5.705705705705706343e+00,4.738117581860307030e-04
5.805805805805806408e+00,5.637052186072989950e-04
5.905905905905906472e+00,4.003020109383646926e-04
6.006006006006006537e+00,5.306040206947812334e-04
6.106106106106106601e+00,5.359628992934238698e-04
6.206206206206206666e+00,6.130579434335856710e-04
6.306306306306306730e+00,5.516979465324885375e-04
6.406406406406406795e+00,5.814715209997773542e-04
6.506506506506506859e+00,6.429569185628006668e-04
6.606606606606606924e+00,5.651036294612142314e-04
6.706706706706706989e+00,6.743085791961978210e-04
6.806806806806807053e+00,7.080457294192026929e-04
6.906906906906907118e+00,5.916020566857186106e-04
7.007007007007007182e+00,6.495188554597608336e-04
7.107107107107107247e+00,6.321451288545680471e-04
7.207207207207207311e+00,6.618039224345611139e-04
7.307307307307307376e+00,7.096128086818490055e-04
7.407407407407407440e+00,7.880172485713764956e-04
7.507507507507508393e+00,7.101681910123828394e-04
7.607607607607608458e+00,7.213872094201437529e-04
7.707707707707708522e+00,7.885255464033900799e-04
7.807807807807808587e+00,7.529193221547217417e-04
7.907907907907908651e+00,7.428620365123916923e-04
8.008008008008008716e+00,7.940037067268631687e-04
8.108108108108108780e+00,7.712858470435798343e-04
8.208208208208208845e+00,8.569670749134009318e-04
8.308308308308308909e+00,8.583108518409885215e-04
8.408408408408408974e+00,8.262003929355533688e-04
8.508508508508509038e+00,8.764506556775899940e-04
8.608608608608609103e+00,8.782425503302270257e-04
8.708708708708709167e+00,8.460968794410201818e-04
8.808808808808809232e+00,9.151630610284160238e-04
8.908908908908909297e+00,9.560969507275144308e-04
9.009009009009009361e+00,8.688802811700383584e-04
9.109109109109109426e+00,9.743910551656431197e-04
9.209209209209209490e+00,9.456753241159688607e-04
9.309309309309309555e+00,1.010917989079303985e-03
9.409409409409409619e+00,9.771303576734250481e-04
9.509509509509509684e+00,9.688173850658317234e-04
9.609609609609609748e+00,1.038444219773463663e-03
9.709709709709709813e+00,1.084611440819778115e-03
9.809809809809809877e+00,1.095921608803193106e-03
9.909909909909909942e+00,1.102556440655320805e-03
1.001001001001001001e+01,1.097075687871439803e-03
1.011011011011011007e+01,1.090814985661794434e-03
1.021021021021021014e+01,9.897233749147180560e-04
1.031031031031031020e+01,1.132168624577894632e-03
1.041041041041041026e+01,1.131770151149351323e-03
1.051051051051051033e+01,1.091921984965190176e-03
1.061061061061061039e+01,1.178238276632539864e-03
1.071071071071071223e+01,1.139394195229782815e-03
1.081081081081081230e+01,1.150684200840049144e-03
1.091091091091091236e+01,1.137556301720668919e-03
1.101101101101101243e+01,1.192127642508701265e-03
1.111111111111111249e+01,1.295305814758873717e-03
1.121121121121121256e+01,1.239058380353491888e-03
1.131131131131131262e+01,1.247277097395223808e-03
1.141141141141141269e+01,1.212093741991609238e-03
1.151151151151151275e+01,1.295756266733069997e-03
1.161161161161161282e+01,1.350528480457471913e-03
1.171171171171171288e+01,1.375865459689540543e-03
1.181181181181181294e+01,1.275358830509231572e-03
1.191191191191191301e+01,1.354635179249938110e-03
1.201201201201201307e+01,1.350721451734645390e-03
1.211211211211211314e+01,1.351717406520025868e-03
1.221221221221221320e+01,1.208722992484702677e-03
1.231231231231231327e+01,1.297395168936794040e-03
1.241241241241241333e+01,1.396760019466227820e-03
1.251251251251251340e+01,1.453275930135053363e-03
1.261261261261261346e+01,1.377595754729104421e-03
1.271271271271271353e+01,1.409455562708130522e-03
1.281281281281281359e+01,1.350585560379940651e-03
1.291291291291291365e+01,1.398940853845787903e-03
1.301301301301301372e+01,1.454081847549935046e-03
1.311311311311311378e+01,1.453284131132578537e-03
1.321321321321321385e+01,1.455314681782972179e-03
1.331331331331331391e+01,1.408715854453827625e-03
1.341341341341341398e+01,1.458444130211700726e-03
1.351351351351351404e+01,1.463164798733159345e-03
1.361361361361361411e+01,1.506104010560163501e-03
1.371371371371371417e+01,1.530632568645849028e-03
1.381381381381381424e+01,1.560002073024665745e-03
1.391391391391391430e+01,1.512908805548768623e-03
1.401401401401401436e+01,1.464611770125631230e-03
1.411411411411411443e+01,1.550354351572708544e-03
1.421421421421421449e+01,1.564343742656581571e-03
1.431431431431431456e+01,1.616005247669842536e-03
1.441441441441441462e+01,1.655117520996072025e-03
1.451451451451451469e+01,1.640199557536056339e-03
1.461461461461461475e+01,1.598620443717160703e-03
1.471471471471471482e+01,1.630757361984552399e-03
1.481481481481481488e+01,1.654995032877230269e-03
1.491491491491491495e+01,1.642654520957944437e-03
1.501501501501501679e+01,1.606074920542675160e-03
1.511511511511511685e+01,1.700491002329089984e-03
1.521521521521521692e+01,1.701926886694208382e-03
1.531531531531531698e+01,1.816987204098613386e-03
1.541541541541541704e+01,1.704299762325463654e-03
1.551551551551551711e+01,1.621976807766923028e-03
1.561561561561561717e+01,1.650940955554560437e-03
1.571571571571571724e+01,1.758394192077736892e-03
1.581581581581581730e+01,1.816414485579304116e-03
1.591591591591591737e+01,1.804385819020836107e-03
1.601601601601601743e+01,1.794605762601528048e-03
1.611611611611611750e+01,1.657792718833337418e-03
1.621621621621621756e+01,1.813889899529491211e-03
1.631631631631631763e+01,1.819935859294498793e-03
1.641641641641641769e+01,1.829526685298799851e-03
1.651651651651651775e+01,1.797300342100248026e-03
1.661661661661661782e+01,1.800060105319317531e-03
1.671671671671671788e+01,1.746186285354274113e-03
1.681681681681681795e+01,1.852213965040887603e-03
1.691691691691691801e+01,1.821309422342125587e-03
1.701701701701701808e+01,1.958540777060451508e-03
1.711711711711711814e+01,1.806665310066216026e-03
1.721721721721721821e+01,1.806676970443378332e-03
1.731731731731731827e+01,1.953743367944900649e-03
1.741741741741741833e+01,1.890680256301412654e-03
1.751751751751751840e+01,1.883330083720247431e-03
1.761761761761761846e+01,1.968958552245990076e-03
1.771771771771771853e+01,1.958423391890687371e-03
1.781781781781781859e+01,1.981636628677399797e-03
1.791791791791791866e+01,1.914238647449595637e-03
1.801801801801801872e+01,2.021924640324022134e-03
1.811811811811811879e+01,2.002981177318050466e-03
1.821821821821821885e+01,1.972221590064089734e-03
1.831831831831831892e+01,1.941388141797072619e-03
1.841841841841841898e+01,1.924981785653996809e-03
1.851851851851851904e+01,2.018476273119828353e-03
1.861861861861861911e+01,1.980651926302360710e-03
1.871871871871871917e+01,1.961214129700528715e-03
1.881881881881881924e+01,2.011594673166154992e-03
1.891891891891891930e+01,2.027544394297699573e-03
1.901901901901901937e+01,1.968219248117355439e-03
1.911911911911911943e+01,1.977903314404218411e-03
1.921921921921921950e+01,2.025458380073035490e-03
1.931931931931931956e+01,2.070548708777803556e-03
1.941941941941941963e+01,2.008508035303118062e-03
1.951951951951951969e+01,2.072118523716025805e-03
1.961961961961961975e+01,2.111060834825716041e-03
1.971971971971971982e+01,2.011158990733578379e-03
1.981981981981981988e+01,2.061725899980056554e-03
1.991991991991991995e+01,2.077116252416649593e-03
2.002002002002002001e+01,2.095631536530077454e-03
2.012012012012012008e+01,2.168070261708288093e-03
2.022022022022022014e+01,2.098182302357390946e-03
2.032032032032032021e+01,2.188687310584743612e-03
2.042042042042042027e+01,2.111394475533049514e-03
2.052052052052052034e+01,2.147128975802761828e-03
2.062062062062062040e+01,2.052659913745366778e-03
2.072072072072072046e+01,2.059071809060609298e-03
2.082082082082082053e+01,2.230944450919860808e-03
2.092092092092092059e+01,2.177465888989934574e-03
2.102102102102102066e+01,2.169041559915088277e-03
2.112112112112112072e+01,2.186111066269462704e-03
2.122122122122122079e+01,2.162629492774304548e-03
2.132132132132132085e+01,2.218817959949690582e-03
2.142142142142142447e+01,2.286445965900663502e-03
2.152152152152152453e+01,2.203611713531456427e-03
2.162162162162162460e+01,2.185804752792920407e-03
2.172172172172172466e+01,2.231257880694375011e-03
2.182182182182182473e+01,2.148415987715424080e-03
2.192192192192192479e+01,2.223461875461106747e-03
2.202202202202202486e+01,2.347598920541286646e-03
2.212212212212212492e+01,2.198052171006199037e-03
2.222222222222222499e+01,2.259903408985684467e-03
2.232232232232232505e+01,2.361275810079212396e-03
2.242242242242242511e+01,2.323694298276523552e-03
2.252252252252252518e+01,2.302734921596711129e-03
2.262262262262262524e+01,2.455044785221096454e-03
2.272272272272272531e+01,2.347844393000673210e-03
2.282282282282282537e+01,2.282651557504943376e-03
2.292292292292292544e+01,2.366211000884904138e-03
2.302302302302302550e+01,2.176997098520042345e-03
2.312312312312312557e+01,2.292703458422334049e-03
2.322322322322322563e+01,2.353367866028630625e-03
2.332332332332332570e+01,2.420835620893359817e-03
2.342342342342342576e+01,2.454556277018214022e-03
2.352352352352352582e+01,2.413357523914893329e-03
2.362362362362362589e+01,2.399205915192924223e-03
2.372372372372372595e+01,2.423064041079600172e-03
2.382382382382382602e+01,2.503047004526655957e-03
2.392392392392392608e+01,2.355629938704713929e-03
2.402402402402402615e+01,2.350550622810590289e-03
2.412412412412412621e+01,2.476928402761585137e-03
2.422422422422422628e+01,2.476192245037420799e-03
2.432432432432432634e+01,2.414689096338756228e-03
2.442442442442442641e+01,2.421110321219145656e-03
2.452452452452452647e+01,2.363919223564043930e-03
2.462462462462462653e+01,2.402238016046230867e-03
2.472472472472472660e+01,2.360803871067369570e-03
2.482482482482482666e+01,2.470116380047245909e-03
2.492492492492492673e+01,2.401215861943874728e-03
2.502502502502502679e+01,2.483998880287303836e-03
2.512512512512512686e+01,2.376410018359569748e-03
2.522522522522522692e+01,2.528897015876310252e-03
2.532532532532532699e+01,2.511889269590860275e-03
2.542542542542542705e+01,2.492055455618870721e-03
2.552552552552552712e+01,2.445810475157296406e-03
2.562562562562562718e+01,2.544029656625028391e-03
2.572572572572572724e+01,2.422945383416455836e-03
2.582582582582582731e+01,2.470047482126024388e-03
2.592592592592592737e+01,2.471494935578724163e-03
2.602602602602602744e+01,2.529565653951765247e-03
2.612612612612612750e+01,2.583588387118633967e-03
2.622622622622622757e+01,2.475465445837114666e-03
2.632632632632632763e+01,2.499023574760737224e-03
2.642642642642642770e+01,2.554876340150744572e-03
2.652652652652652776e+01,2.627710202881640422e-03
2.662662662662662783e+01,2.506921062950319499e-03
2.672672672672672789e+01,2.527559150245860860e-03
2.682682682682682795e+01,2.493133309228526273e-03
2.692692692692692802e+01,2.526429331255097745e-03
2.702702702702702808e+01,2.609366086765560998e-03
2.712712712712712815e+01,2.563903867696325136e-03
2.722722722722722821e+01,2.663720767634153788e-03
2.732732732732732828e+01,2.529324589987410384e-03
2.742742742742742834e+01,2.585383254041205732e-03
2.752752752752752841e+01,2.676937042102391778e-03
2.762762762762762847e+01,2.628891932147974213e-03
2.772772772772772854e+01,2.637968038117233845e-03
2.782782782782782860e+01,2.609503698271161375e-03
2.792792792792792866e+01,2.512769075356364578e-03
2.802802802802802873e+01,2.597205406632890554e-03
2.812812812812812879e+01,2.570967514840219459e-03
2.822822822822822886e+01,2.709910458085541991e-03
2.832832832832832892e+01,2.600714523242518388e-03
2.842842842842842899e+01,2.737839291381901404e-03
2.852852852852852905e+01,2.673161250054993058e-03
2.862862862862862912e+01,2.676255599228767081e-03
2.872872872872872918e+01,2.635994553562233389e-03
2.882882882882882924e+01,2.606716269959030198e-03
2.892892892892892931e+01,2.608073161187739620e-03
2.902902902902902937e+01,2.490981206217880196e-03
2.912912912912912944e+01,2.572318076817824758e-03
2.922922922922922950e+01,2.642183869919421425e-03
2.932932932932932957e+01,2.611052287865912088e-03
2.942942942942942963e+01,2.627349669428409151e-03
2.952952952952952970e+01,2.653547746980159609e-03
2.962962962962962976e+01,2.823207381977230548e-03
2.972972972972972983e+01,2.703512762612317408e-03
2.982982982982982989e+01,2.721085566997635298e-03
2.992992992992993351e+01,2.647316797672362443e-03
3.003003003003003357e+01,2.724878403576731084e-03
3.013013013013013364e+01,2.781611811839624845e-03
3.023023023023023370e+01,2.738147931709897839e-03
3.033033033033033377e+01,2.716882562863235945e-03
3.043043043043043383e+01,2.737228450080133289e-03
3.053053053053053389e+01,2.699772791814128176e-03
3.063063063063063396e+01,2.712736036244390182e-03
3.073073073073073402e+01,2.810051454960293873e-03
3.083083083083083409e+01,2.680643833805838091e-03
3.093093093093093415e+01,2.782210826173935492e-03
3.103103103103103422e+01,2.806909935538927370e-03
3.113113113113113428e+01,2.652288347945319733e-03
3.123123123123123435e+01,2.815480176287296805e-03
3.133133133133133441e+01,2.733752278710711078e-03
3.143143143143143448e+01,2.781688028232216954e-03
3.153153153153153454e+01,2.785144948862194793e-03
3.163163163163163460e+01,2.772541016090538952e-03
3.173173173173173467e+01,2.886249352738483407e-03
3.183183183183183473e+01,2.943791049970667650e-03
3.193193193193193480e+01,2.785251037329630145e-03
3.203203203203203486e+01,2.760508330012089329e-03
3.213213213213213493e+01,2.788686454392840918e-03
3.223223223223223499e+01,2.787301693629022550e-03
3.233233233233233506e+01,2.724146733912597568e-03
3.243243243243243512e+01,2.740876373510472714e-03
3.253253253253253519e+01,2.799906417303915825e-03
3.263263263263263525e+01,2.732576975185349588e-03
3.273273273273273531e+01,2.770816843404421987e-03
3.283283283283283538e+01,2.782502349074425247e-03
3.293293293293293544e+01,2.754403386562392659e-03
3.303303303303303551e+01,2.709641483198089659e-03
3.313313313313313557e+01,2.846168626177328787e-03
3.323323323323323564e+01,2.717536678266735742e-03
3.333333333333333570e+01,2.827418437827789593e-03
3.343343343343343577e+01,2.722560261297993396e-03
3.353353353353353583e+01,2.892549466310206929e-03
3.363363363363363590e+01,2.774392852141138125e-03
3.373373373373373596e+01,2.837087874942049656e-03
3.383383383383383602e+01,2.823177888527974785e-03
3.393393393393393609e+01,2.798587689604886599e-03
3.403403403403403615e+01,2.811873346941275078e-03
3.413413413413413622e+01,2.817572266857514343e-03
3.423423423423423628e+01,2.845881939774844507e-03
3.433433433433433635e+01,2.904684578666568047e-03
3.443443443443443641e+01,2.824638527308018839e-03
3.453453453453453648e+01,2.835824614633613346e-03
3.463463463463463654e+01,2.893206592897680767e-03
3.473473473473473661e+01,2.939175604704979700e-03
3.483483483483483667e+01,2.789776104647215260e-03
3.493493493493493673e+01,2.931171600652972015e-03
3.503503503503503680e+01,2.833990332425711731e-03
3.513513513513513686e+01,2.852501305703652838e-03
3.523523523523523693e+01,2.877916166727026177e-03
3.533533533533533699e+01,2.846043332751729740e-03
3.543543543543543706e+01,2.838962207625606807e-03
3.553553553553553712e+01,2.878587968699029137e-03
3.563563563563563719e+01,3.051835144794788277e-03
3.573573573573573725e+01,2.944065547540794872e-03
3.583583583583583732e+01,2.999622119431287742e-03
3.593593593593593738e+01,2.913450113829544903e-03
3.603603603603603744e+01,2.895225098160736452e-03
3.613613613613613751e+01,2.875240748032151239e-03
3.623623623623623757e+01,2.812830180510446539e-03
3.633633633633633764e+01,2.916407745954939946e-03
3.643643643643643770e+01,2.925238474245337589e-03
3.653653653653653777e+01,2.918079449927542778e-03
3.663663663663663783e+01,2.955606825621525519e-03
3.673673673673673790e+01,2.916510911129302844e-03
3.683683683683683796e+01,2.927654670226946879e-03
3.693693693693693803e+01,2.946948848477824474e-03
3.703703703703703809e+01,2.909446022859829908e-03
3.713713713713713815e+01,2.951517127698728617e-03
3.723723723723723822e+01,2.929276066362806932e-03
3.733733733733733828e+01,2.943581197178244454e-03
3.743743743743743835e+01,2.938045757878550521e-03
3.753753753753753841e+01,2.883551211977915078e-03
3.763763763763763848e+01,2.897656809620719181e-03
3.773773773773773854e+01,2.904181554403045644e-03
3.783783783783783861e+01,2.833493118181174344e-03
3.793793793793793867e+01,2.894112042382284648e-03
3.803803803803803874e+01,2.927492016828086522e-03
3.813813813813813880e+01,2.834754057803985650e-03
3.823823823823823886e+01,2.922204948447887363e-03
3.833833833833833893e+01,2.919001761899932962e-03
3.843843843843843899e+01,2.951221416967943646e-03
3.853853853853853906e+01,2.912938201083782770e-03
3.863863863863863912e+01,3.027932748159132843e-03
3.873873873873873919e+01,2.950289111273658726e-03
3.883883883883883925e+01,2.997830583880191097e-03
3.893893893893893932e+01,2.929353441537356582e-03
3.903903903903903938e+01,2.948049668777865881e-03
3.913913913913913944e+01,3.036647980033828353e-03
3.923923923923923951e+01,2.939180053048184339e-03
3.933933933933933957e+01,2.866766211958548562e-03
3.943943943943943964e+01,2.973943894363905143e-03
3.953953953953953970e+01,3.019868343064371387e-03
3.963963963963963977e+01,2.858122798068738531e-03
3.973973973973973983e+01,2.915328995852938324e-03
3.983983983983983990e+01,2.969768321922014020e-03
3.993993993993993996e+01,2.933280546578971668e-03
4.004004004004004003e+01,3.026598484873336062e-03
4.014014014014014009e+01,2.958621565549903604e-03
4.024024024024024015e+01,3.045511872548154267e-03
4.034034034034034022e+01,3.056294047112344606e-03
4.044044044044044028e+01,2.968357679937927603e-03
4.054054054054054035e+01,2.988065245527866520e-03
4.064064064064064041e+01,2.979273278682071941e-03
4.074074074074074048e+01,3.050298715544291685e-03
4.084084084084084054e+01,3.034775925727034064e-03
4.094094094094094061e+01,3.077764179360350117e-03
4.104104104104104067e+01,2.969195785227932149e-03
4.114114114114114074e+01,2.911831475746855247e-03
4.124124124124124080e+01,2.989277201041058186e-03
4.134134134134134086e+01,3.040966746815813165e-03
4.144144144144144093e+01,2.934837049065713334e-03
4.154154154154154099e+01,3.049877271923619789e-03
4.164164164164164106e+01,3.012129541468365479e-03
4.174174174174174112e+01,2.977584609239642376e-03
4.184184184184184119e+01,3.017225887509244597e-03
4.194194194194194125e+01,3.010211313200480791e-03
4.204204204204204132e+01,3.075885391168576254e-03
4.214214214214214138e+01,2.935352750538280844e-03
4.224224224224224145e+01,3.061078339752172639e-03
4.234234234234234151e+01,3.000844207026474864e-03
4.244244244244244157e+01,2.970766325546239390e-03
4.254254254254254164e+01,2.950215660844139349e-03
4.264264264264264170e+01,3.071278519799116279e-03
4.274274274274274887e+01,2.897256991790454414e-03
4.284284284284284894e+01,3.039269236960348737e-03
4.294294294294294900e+01,2.981168010203325783e-03
4.304304304304304907e+01,3.069763218524459037e-03
4.314314314314314913e+01,3.057344008611377704e-03
4.324324324324324920e+01,3.055860128241365530e-03
4.334334334334334926e+01,3.053842978413161442e-03
4.344344344344344933e+01,2.995945575844713351e-03
4.354354354354354939e+01,2.980755263478392179e-03
4.364364364364364945e+01,3.001711741579998153e-03
4.374374374374374952e+01,3.024941210960055155e-03
4.384384384384384958e+01,2.962014806137704560e-03
4.394394394394394965e+01,3.091756505457822924e-03
4.404404404404404971e+01,2.997967137968160587e-03
4.414414414414414978e+01,3.140775285685461129e-03
4.424424424424424984e+01,3.029050111786852923e-03
4.434434434434434991e+01,2.972826023273511618e-03
4.444444444444444997e+01,3.036431466061140661e-03
4.454454454454455004e+01,3.027985969704052264e-03
4.464464464464465010e+01,3.016663304132849270e-03
4.474474474474475016e+01,3.068140035248132121e-03
4.484484484484485023e+01,3.041135227322003601e-03
4.494494494494495029e+01,2.994809814716817200e-03
4.504504504504505036e+01,3.028563353273643587e-03
4.514514514514515042e+01,3.046546222508263787e-03
4.524524524524525049e+01,3.068248611130766201e-03
4.534534534534535055e+01,2.998538850580379379e-03
4.544544544544545062e+01,3.137689781493462754e-03
4.554554554554555068e+01,3.067494938810872394e-03
4.564564564564565075e+01,3.016725584863269409e-03
4.574574574574575081e+01,3.061636430801158593e-03
4.584584584584585087e+01,3.141542485843402607e-03
4.594594594594595094e+01,3.152314424979623352e-03
4.604604604604605100e+01,3.050330352974546261e-03
4.614614614614615107e+01,3.057153511379056676e-03
4.624624624624625113e+01,3.142684173442594243e-03
4.634634634634635120e+01,3.084041806173302633e-03
4.644644644644645126e+01,3.038127016177697044e-03
4.654654654654655133e+01,3.108855080251858322e-03
4.664664664664665139e+01,3.082313167101894107e-03
4.674674674674675146e+01,3.081822507257295316e-03
4.684684684684685152e+01,3.100502969478377124e-03
4.694694694694695158e+01,3.064865117258700096e-03
4.704704704704705165e+01,3.055688601334692958e-03
4.714714714714715171e+01,3.048103179524280781e-03
4.724724724724725178e+01,3.047995512811838958e-03
4.734734734734735184e+01,3.093733462327710390e-03
4.744744744744745191e+01,3.084273141436354171e-03
4.754754754754755197e+01,3.104833023631259695e-03
4.764764764764765204e+01,2.972736596727185154e-03
4.774774774774775210e+01,3.159444289844626566e-03
4.784784784784785217e+01,3.046751659275306976e-03
4.794794794794795223e+01,3.060549103343441525e-03
4.804804804804805229e+01,3.115701295176278186e-03
4.814814814814815236e+01,3.127119762726375367e-03
4.824824824824825242e+01,3.135548143880491009e-03
4.834834834834835249e+01,3.071574989334744429e-03
4.844844844844845255e+01,3.126939662294743807e-03
4.854854854854855262e+01,3.180538336498086021e-03
4.864864864864865268e+01,3.050761932976218341e-03
4.874874874874875275e+01,3.003621385075473400e-03
4.884884884884885281e+01,3.050450921379854047e-03
4.894894894894895288e+01,3.082092778122214483e-03
4.904904904904905294e+01,3.111619539808802622e-03
4.914914914914915300e+01,3.121743949459276132e-03
4.924924924924925307e+01,3.093117421709386857e-03
4.934934934934935313e+01,3.102716192987238757e-03
4.944944944944945320e+01,3.066848850838810054e-03
4.954954954954955326e+01,3.078050443950345813e-03
4.964964964964965333e+01,3.043498458609097696e-03
4.974974974974975339e+01,3.053798636721448499e-03
4.984984984984985346e+01,3.049404646244526125e-03
4.994994994994995352e+01,3.174596064541868826e-03
5.005005005005005358e+01,3.107072347316547269e-03
5.015015015015015365e+01,3.080794661205270638e-03
5.025025025025025371e+01,3.055389780892887614e-03
5.035035035035035378e+01,3.002934869478199580e-03
5.045045045045045384e+01,3.138436118645069554e-03
5.055055055055055391e+01,3.199042071290250210e-03
5.065065065065065397e+01,3.125405535770821308e-03
5.075075075075075404e+01,3.151296786337038931e-03
5.085085085085085410e+01,3.097073590172732399e-03
5.095095095095095417e+01,3.080180217203113639e-03
5.105105105105105423e+01,3.102735292147850744e-03
5.115115115115115429e+01,3.121378548765650282e-03
5.125125125125125436e+01,3.172618124813291092e-03
5.135135135135135442e+01,3.175651187330663823e-03
5.145145145145145449e+01,3.074664288831742334e-03
5.155155155155155455e+01,2.960374954229659256e-03
5.165165165165165462e+01,3.074995677925184811e-03
5.175175175175175468e+01,3.042511195419869870e-03
5.185185185185185475e+01,3.195103673019852441e-03
5.195195195195195481e+01,3.137804794046452402e-03
5.205205205205205488e+01,3.114764520251461603e-03
5.215215215215215494e+01,3.136967059117112735e-03
5.225225225225225500e+01,3.065739025603938725e-03
5.235235235235235507e+01,3.076400791859525835e-03
5.245245245245245513e+01,3.180300185917125065e-03
5.255255255255255520e+01,3.079898501714853441e-03
5.265265265265265526e+01,3.087714194936063035e-03
5.275275275275275533e+01,3.046582587798831246e-03
5.285285285285285539e+01,3.158490493032328414e-03
5.295295295295295546e+01,3.097743668823248111e-03
5.305305305305305552e+01,3.215483165119296591e-03
5.315315315315315559e+01,3.127773271228735576e-03
5.325325325325325565e+01,3.091176178444454692e-03
5.335335335335335571e+01,3.157523199108108226e-03
5.345345345345345578e+01,3.160955691330123371e-03
5.355355355355355584e+01,3.150680961027816241e-03
5.365365365365365591e+01,3.161109699816330807e-03
5.375375375375375597e+01,3.100542192360788724e-03
5.385385385385385604e+01,3.100154480350903081e-03
5.395395395395395610e+01,3.176250911471784153e-03
5.405405405405405617e+01,3.057313939611731608e-03
5.415415415415415623e+01,3.231705356917586279e-03
5.425425425425425630e+01,3.151066293541668513e-03
5.435435435435435636e+01,3.182747114533449224e-03
5.445445445445445642e+01,3.161508233828186354e-03
5.455455455455455649e+01,3.135854825038518392e-03
5.465465465465465655e+01,3.094780704878545823e-03
5.475475475475475662e+01,3.223232442304802079e-03
5.485485485485485668e+01,3.067304995583991414e-03
5.495495495495495675e+01,3.105678910681763244e-03
5.505505505505505681e+01,3.157734399327552510e-03
5.515515515515515688e+01,3.111710205797756611e-03
5.525525525525525694e+01,3.078422039461673875e-03
5.535535535535535701e+01,3.088555941363910207e-03
5.545545545545545707e+01,3.145601102237647207e-03
5.555555555555555713e+01,3.171088107138254723e-03
5.565565565565565720e+01,3.191810630266235689e-03
5.575575575575575726e+01,3.157956435943320463e-03
5.585585585585585733e+01,3.128303527505935447e-03
5.595595595595595739e+01,3.181734997096531074e-03
5.605605605605605746e+01,3.240718585822085791e-03
5.615615615615615752e+01,3.124954290498690307e-03
5.625625625625625759e+01,3.125357232598627907e-03
5.635635635635635765e+01,3.123116289126636694e-03
5.645645645645645772e+01,3.077142206191678039e-03
5.655655655655655778e+01,3.189750840978793859e-03
5.665665665665665784e+01,3.175277169034633733e-03
5.675675675675675791e+01,3.177817996866133358e-03
5.685685685685685797e+01,3.196207051387915145e-03
5.695695695695695804e+01,3.197311188933407537e-03
5.705705705705705810e+01,3.179000957278571484e-03
5.715715715715715817e+01,3.186067185125616985e-03
5.725725725725725823e+01,3.242126616476041778e-03
5.735735735735735830e+01,3.094888450816686131e-03
5.745745745745745836e+01,3.130580916038312907e-03
5.755755755755755843e+01,3.173529450956671331e-03
5.765765765765765849e+01,3.253555561708034675e-03
5.775775775775775855e+01,3.108136026129870461e-03
5.785785785785785862e+01,3.108007230285758215e-03
5.795795795795795868e+01,3.163800587894301415e-03
5.805805805805805875e+01,3.150818452436534526e-03
5.815815815815815881e+01,3.157687889640047128e-03
5.825825825825825888e+01,3.176516418080449489e-03
5.835835835835835894e+01,3.042279041869604735e-03
5.845845845845845901e+01,3.174424234544268465e-03
5.855855855855855907e+01,3.120850900013702120e-03
5.865865865865865914e+01,3.145018129707322866e-03
5.875875875875875920e+01,3.201070127403970490e-03
5.885885885885885926e+01,3.233961173717196918e-03
5.895895895895895933e+01,3.150689665727446614e-03
5.905905905905905939e+01,3.219840788845641007e-03
5.915915915915915946e+01,3.225926395187521650e-03
5.925925925925925952e+01,3.162965583675554724e-03
5.935935935935935959e+01,3.145163729532643795e-03
5.945945945945945965e+01,3.122720155388834882e-03
5.955955955955955972e+01,3.135514444342902586e-03
5.965965965965965978e+01,3.205983563403775813e-03
5.975975975975975985e+01,3.237099747806553886e-03
5.985985985985986702e+01,3.179225198141795872e-03
5.995995995995996708e+01,3.185975345702606910e-03
6.006006006006006714e+01,3.235836329416122599e-03
6.016016016016016721e+01,3.158259383692127182e-03
6.026026026026026727e+01,3.240577631604077326e-03
6.036036036036036734e+01,3.265926454963719201e-03
6.046046046046046740e+01,3.070802236056963987e-03
6.056056056056056747e+01,3.062898797502955264e-03
6.066066066066066753e+01,3.198194084463291086e-03
6.076076076076076760e+01,3.179146850173068545e-03
6.086086086086086766e+01,3.055487797179849002e-03
6.096096096096096772e+01,3.092807312341395738e-03
6.106106106106106779e+01,3.140944985739115448e-03
6.116116116116116785e+01,3.170468112426372970e-03
6.126126126126126792e+01,3.136080810821592017e-03
6.136136136136136798e+01,3.135992621346405090e-03
6.146146146146146805e+01,3.131771785529393042e-03
6.156156156156156811e+01,3.183462245605291497e-03
6.166166166166166818e+01,3.122452119076155573e-03
6.176176176176176824e+01,3.244616482533039213e-03
6.186186186186186831e+01,3.181938170456275437e-03
6.196196196196196837e+01,3.195334820984033989e-03
6.206206206206206843e+01,3.162886391953052215e-03
6.216216216216216850e+01,3.192563697305554268e-03
6.226226226226226856e+01,3.117333699352568821e-03
6.236236236236236863e+01,3.151219310894522608e-03
6.246246246246246869e+01,3.230917266331296243e-03
6.256256256256256876e+01,3.185318250948793780e-03
6.266266266266266882e+01,3.230000611951198281e-03
6.276276276276276889e+01,3.182747311223625090e-03
6.286286286286286895e+01,3.212039729842462374e-03
6.296296296296296902e+01,3.111079452446173944e-03
6.306306306306306908e+01,3.205042501901428798e-03
6.316316316316316914e+01,3.179965876747776251e-03
6.326326326326326921e+01,3.183872503139506538e-03
6.336336336336336927e+01,3.103263500820219265e-03
6.346346346346346934e+01,3.204928156515604414e-03
6.356356356356356940e+01,3.192904234245703878e-03
6.366366366366366947e+01,3.186148705636496475e-03
6.376376376376376953e+01,3.274951168683200992e-03
6.386386386386386960e+01,3.240839815084133133e-03
6.396396396396396966e+01,3.177154970064251759e-03
6.406406406406406973e+01,3.229343456057866789e-03
6.416416416416416268e+01,3.201259416159051800e-03
6.426426426426426985e+01,3.271806607834668382e-03
6.436436436436436281e+01,3.226144106999704903e-03
6.446446446446446998e+01,3.171737361139825070e-03
6.456456456456456294e+01,3.126575591413299771e-03
6.466466466466467011e+01,3.145454642121935703e-03
6.476476476476476307e+01,3.203504414563149681e-03
6.486486486486487024e+01,3.136681893807494702e-03
6.496496496496496320e+01,3.288338968523015285e-03
6.506506506506507037e+01,3.149523178393370381e-03
6.516516516516516333e+01,3.174907558506002980e-03
6.526526526526527050e+01,3.308905313010794807e-03
6.536536536536536346e+01,3.159601148639141956e-03
6.546546546546547063e+01,3.162166287223270450e-03
6.556556556556556359e+01,3.179051595355462858e-03
6.566566566566567076e+01,3.259146926924690740e-03
6.576576576576576372e+01,3.170792398013644580e-03
6.586586586586587089e+01,3.155101018819629014e-03
6.596596596596596385e+01,3.185453002234112183e-03
6.606606606606607102e+01,3.247718089394780773e-03
6.616616616616616398e+01,3.209200372473706986e-03
6.626626626626627115e+01,3.116539468375240703e-03
6.636636636636636410e+01,3.097589384757677526e-03
6.646646646646647127e+01,3.228474875595899012e-03
6.656656656656656423e+01,3.168700815133593425e-03
6.666666666666667140e+01,3.205583744930652883e-03
6.676676676676676436e+01,3.088967687054168521e-03
6.686686686686687153e+01,3.202955045461101848e-03
6.696696696696696449e+01,3.215865572409660079e-03
6.706706706706707166e+01,3.252288163753538387e-03
6.716716716716716462e+01,3.238274126874894892e-03
6.726726726726727179e+01,3.191929144350986493e-03
6.736736736736736475e+01,3.153940000808337380e-03
6.746746746746747192e+01,3.157571156481718717e-03
6.756756756756756488e+01,3.276178842904410582e-03
6.766766766766767205e+01,3.207145994152523112e-03
6.776776776776776501e+01,3.294092629517929305e-03
6.786786786786787218e+01,3.198724770013316142e-03
6.796796796796796514e+01,3.215466362225972031e-03
6.806806806806807231e+01,3.173508264463151696e-03
6.816816816816816527e+01,3.220638269276073287e-03
6.826826826826827244e+01,3.125265680181728116e-03
6.836836836836837961e+01,3.226089996860846600e-03
6.846846846846847257e+01,3.191201191731401002e-03
6.856856856856857974e+01,3.201294029411562523e-03
6.866866866866867269e+01,3.231290027529683338e-03
6.876876876876877986e+01,3.149376235209520002e-03
6.886886886886887282e+01,3.304821459492933173e-03
6.896896896896897999e+01,3.186116254699270910e-03
6.906906906906907295e+01,3.175028318068982489e-03
6.916916916916918012e+01,3.273102481746103468e-03
6.926926926926927308e+01,3.196939859597542656e-03
6.936936936936938025e+01,3.119512972107230716e-03
6.946946946946947321e+01,3.221243388357485863e-03
6.956956956956958038e+01,3.050769633140127182e-03
6.966966966966967334e+01,3.098010176259149203e-03
6.976976976976978051e+01,3.197247749674233131e-03
6.986986986986987347e+01,3.265774456557706071e-03
6.996996996996998064e+01,3.231462440538636436e-03
7.007007007007007360e+01,3.184959058612718205e-03
7.017017017017018077e+01,3.189733737400897873e-03
7.027027027027027373e+01,3.246675562969318814e-03
7.037037037037038090e+01,3.123986069296450126e-03
7.047047047047047386e+01,3.173292213485455742e-03
7.057057057057058103e+01,3.157754718086097558e-03
7.067067067067067399e+01,3.115907375943184360e-03
7.077077077077078116e+01,3.235661320895448587e-03
7.087087087087087411e+01,3.189002997921849564e-03
7.097097097097098128e+01,3.263095633978006088e-03
7.107107107107107424e+01,3.186443244888002412e-03
7.117117117117118141e+01,3.226237617942803986e-03
7.127127127127127437e+01,3.266038470045979324e-03
7.137137137137138154e+01,3.086548918718703700e-03
7.147147147147147450e+01,3.154114658364360821e-03
7.157157157157158167e+01,3.277025841164528473e-03
7.167167167167167463e+01,3.159493563582666843e-03
7.177177177177178180e+01,3.198953260982790540e-03
7.187187187187187476e+01,3.203709017160679458e-03
7.197197197197198193e+01,3.205033618295557909e-03
7.207207207207207489e+01,3.188430970025226720e-03
7.217217217217218206e+01,3.285683922550390428e-03
7.227227227227227502e+01,3.221602745858114913e-03
7.237237237237238219e+01,3.224833153029270545e-03
7.247247247247247515e+01,3.167840432756874065e-03
7.257257257257258232e+01,3.191647453089661423e-03
7.267267267267267528e+01,3.134909448916375820e-03
7.277277277277278245e+01,3.210104049008719474e-03
7.287287287287287540e+01,3.226755572490013282e-03
7.297297297297298257e+01,3.337179512093164328e-03
7.307307307307307553e+01,3.280927233866380143e-03
7.317317317317318270e+01,3.192394996288639569e-03
7.327327327327327566e+01,3.190327259813810837e-03
7.337337337337338283e+01,3.205195325656873089e-03
7.347347347347347579e+01,3.123397532486223496e-03
7.357357357357358296e+01,3.201191595222212596e-03
7.367367367367367592e+01,3.166184313238294083e-03
7.377377377377378309e+01,3.228588924161119277e-03
7.387387387387387605e+01,3.118131408330053478e-03
7.397397397397398322e+01,3.239574787201461841e-03
7.407407407407407618e+01,3.213693154117507056e-03
7.417417417417418335e+01,3.222835938626161453e-03
7.427427427427427631e+01,3.203386257206292196e-03
7.437437437437438348e+01,3.222753179670649962e-03
7.447447447447447644e+01,3.174076385616258177e-03
7.457457457457458361e+01,3.181198502335153173e-03
7.467467467467467657e+01,3.278507796669773502e-03
7.477477477477478374e+01,3.258951224733830886e-03
7.487487487487487670e+01,3.196277257670875928e-03
7.497497497497498387e+01,3.318914688980827317e-03
7.507507507507507682e+01,3.159079851753262506e-03
7.517517517517518399e+01,3.207148761853073626e-03
7.527527527527527695e+01,3.235500614954278566e-03
7.537537537537538412e+01,3.129450592137014101e-03
7.547547547547547708e+01,3.315145119439694057e-03
7.557557557557558425e+01,3.152603900147982544e-03
7.567567567567567721e+01,3.216656227644665734e-03
7.577577577577578438e+01,3.185767234110659183e-03
7.587587587587587734e+01,3.188055292939839455e-03
7.597597597597598451e+01,3.202257518151284052e-03
7.607607607607607747e+01,3.228696157908771212e-03
7.617617617617618464e+01,3.105961124132690203e-03
7.627627627627627760e+01,3.263565254166744898e-03
7.637637637637638477e+01,3.218038757558105110e-03
7.647647647647647773e+01,3.164105507550140327e-03
7.657657657657658490e+01,3.190426990290042789e-03
7.667667667667667786e+01,3.255604238681822620e-03
7.677677677677678503e+01,3.205799995623987830e-03
7.687687687687687799e+01,3.170474069662496640e-03
7.697697697697698516e+01,3.118613731434418789e-03
7.707707707707707812e+01,3.214402445446571006e-03
7.717717717717718529e+01,3.219694987268362490e-03
7.727727727727727824e+01,3.244204488918798774e-03
7.737737737737738541e+01,3.173756853411689206e-03
7.747747747747747837e+01,3.185311730981077016e-03
7.757757757757758554e+01,3.212435892138095200e-03
7.767767767767767850e+01,3.180291243252423000e-03
7.777777777777778567e+01,3.253946977100343960e-03
7.787787787787787863e+01,3.238921491484138618e-03
7.797797797797798580e+01,3.170109006467042995e-03
7.807807807807807876e+01,3.292698531494703002e-03
7.817817817817818593e+01,3.222354315575440536e-03
7.827827827827827889e+01,3.188914187633519991e-03
7.837837837837838606e+01,3.231887586926850565e-03
7.847847847847847902e+01,3.244360693694249998e-03
7.857857857857858619e+01,3.268903738832534735e-03
7.867867867867867915e+01,3.137402427263406152e-03
7.877877877877878632e+01,3.239024701201785074e-03
7.887887887887887928e+01,3.119748040349239453e-03
7.897897897897898645e+01,3.228756567214110043e-03
7.907907907907907941e+01,3.149086384414803968e-03
7.917917917917918658e+01,3.244786311683136703e-03
7.927927927927927954e+01,3.158212128688554256e-03
7.937937937937938671e+01,3.270898823021110846e-03
7.947947947947947966e+01,3.231290829204279836e-03
7.957957957957958683e+01,3.248788914414741692e-03
7.967967967967967979e+01,3.260776813954783301e-03
7.977977977977978696e+01,3.268971642240959055e-03
7.987987987987987992e+01,3.154733857885757067e-03
7.997997997997998709e+01,3.131374885233998654e-03
8.008008008008008005e+01,3.167552991384027516e-03
8.018018018018018722e+01,3.298869427292703670e-03
8.028028028028028018e+01,3.198971864015711514e-03
8.038038038038038735e+01,3.273104484685889284e-03
8.048048048048048031e+01,3.195215272612625997e-03
8.058058058058058748e+01,3.240998789303564491e-03
8.068068068068068044e+01,3.222361316962880830e-03
8.078078078078078761e+01,3.193159344660378030e-03
8.088088088088088057e+01,3.241676871929191368e-03
8.098098098098098774e+01,3.245025211140336457e-03
8.108108108108108070e+01,3.266428230941434852e-03
8.118118118118118787e+01,3.316832592161363374e-03
8.128128128128128083e+01,3.200025581968975186e-03
8.138138138138138800e+01,3.217929470788525800e-03
8.148148148148148096e+01,3.214032241341661846e-03
8.158158158158158813e+01,3.279395211320413478e-03
8.168168168168168108e+01,3.287273187261139165e-03
8.178178178178178825e+01,3.271816097736586926e-03
8.188188188188188121e+01,3.145980724278856118e-03
8.198198198198198838e+01,3.248973211065332364e-03
8.208208208208208134e+01,3.249493497208758973e-03
8.218218218218218851e+01,3.262500509450031849e-03
8.228228228228228147e+01,3.238759932096531378e-03
8.238238238238238864e+01,3.188070026827391316e-03
8.248248248248248160e+01,3.223224661232150425e-03
8.258258258258258877e+01,3.162673475858865726e-03
8.268268268268268173e+01,3.112356969279848808e-03
8.278278278278278890e+01,3.228520563084476529e-03
8.288288288288288186e+01,3.222042921706275154e-03
8.298298298298298903e+01,3.200548798956526480e-03
8.308308308308308199e+01,3.189133683588278676e-03
8.318318318318318916e+01,3.180303321154219313e-03
8.328328328328328212e+01,3.265493169196139259e-03
8.338338338338338929e+01,3.234707103252260768e-03
8.348348348348348225e+01,3.273666529055063376e-03
8.358358358358358942e+01,3.303272521322829849e-03
8.368368368368368237e+01,3.232664388769136785e-03
8.378378378378378954e+01,3.329845916061719216e-03
8.388388388388388250e+01,3.265668633931743687e-03
8.398398398398398967e+01,3.284285513922903434e-03
8.408408408408408263e+01,3.260587271328432065e-03
8.418418418418418980e+01,3.085852846088246813e-03
8.428428428428428276e+01,3.288087367089508398e-03
8.438438438438438993e+01,3.229099837714553573e-03
8.448448448448448289e+01,3.192215106676976263e-03
8.458458458458459006e+01,3.203486668377777784e-03
8.468468468468468302e+01,3.238129238940159506e-03
8.478478478478479019e+01,3.211808544829968491e-03
8.488488488488488315e+01,3.173804493332810055e-03
8.498498498498499032e+01,3.197576430436565448e-03
8.508508508508508328e+01,3.212186461316867206e-03
8.518518518518519045e+01,3.114456372815626282e-03
8.528528528528528341e+01,3.195209484620485738e-03
8.538538538538539058e+01,3.187328506083753586e-03
8.548548548548549775e+01,3.225884840068080680e-03
8.558558558558559071e+01,3.224178607084214783e-03
8.568568568568569788e+01,3.233765033608701316e-03
8.578578578578579084e+01,3.201127383218412958e-03
8.588588588588589801e+01,3.195981491574567592e-03
8.598598598598599096e+01,3.250980052674792148e-03
8.608608608608609813e+01,3.243848052117731268e-03
8.618618618618619109e+01,3.269239437385126987e-03
8.628628628628629826e+01,3.272350171691263462e-03
8.638638638638639122e+01,3.218252790977961519e-03
8.648648648648649839e+01,3.297287305830406880e-03
8.658658658658659135e+01,3.238883171007767535e-03
8.668668668668669852e+01,3.244165729186116245e-03
8.678678678678679148e+01,3.154170069683367994e-03
8.688688688688689865e+01,3.216910578537265312e-03
8.698698698698699161e+01,3.134272305162352865e-03
8.708708708708709878e+01,3.272454439424880325e-03
8.718718718718719174e+01,3.290261081483797194e-03
8.728728728728729891e+01,3.185896023787460844e-03
8.738738738738739187e+01,3.171330936240027761e-03
8.748748748748749904e+01,3.161433201055190677e-03
8.758758758758759200e+01,3.177674322921376394e-03
8.768768768768769917e+01,3.255011207930751972e-03
8.778778778778779213e+01,3.237957677143065219e-03
8.788788788788789930e+01,3.220483251389376442e-03
8.798798798798799226e+01,3.161534100218721909e-03
8.808808808808809943e+01,3.258456573682119457e-03
8.818818818818819238e+01,3.267098735984877173e-03
8.828828828828829955e+01,3.256918334884171748e-03
8.838838838838839251e+01,3.302243591538696777e-03
8.848848848848849968e+01,3.143747804983892599e-03
8.858858858858859264e+01,3.203347421275561796e-03
8.868868868868869981e+01,3.151822886005880078e-03
8.878878878878879277e+01,3.208189422839667973e-03
8.888888888888889994e+01,3.206450616356527460e-03
8.898898898898899290e+01,3.197070899156280888e-03
8.908908908908910007e+01,3.223931358313222167e-03
8.918918918918919303e+01,3.228129226249644608e-03
8.928928928928930020e+01,3.269663179132393290e-03
8.938938938938939316e+01,3.228151522955370265e-03
8.948948948948950033e+01,3.155086993684565709e-03
8.958958958958959329e+01,3.155985599727979991e-03
8.968968968968970046e+01,3.232995307717349224e-03
8.978978978978979342e+01,3.182681302012859304e-03
8.988988988988990059e+01,3.243177658291983723e-03
8.998998998998999355e+01,3.215196794246930837e-03
9.009009009009010072e+01,3.200047143313034317e-03
9.019019019019019368e+01,3.234549742992279438e-03
9.029029029029030085e+01,3.214709550480036176e-03
9.039039039039039380e+01,3.161665434417480422e-03
9.049049049049050097e+01,3.249099083417882929e-03
9.059059059059059393e+01,3.296089699296998222e-03
9.069069069069070110e+01,3.175981407804810350e-03
9.079079079079079406e+01,3.221813334358360897e-03
9.089089089089090123e+01,3.111842204389895714e-03
9.099099099099099419e+01,3.233220299974039289e-03
9.109109109109110136e+01,3.308865308524916796e-03
9.119119119119119432e+01,3.223160872275650235e-03
9.129129129129130149e+01,3.149097558223513428e-03
9.139139139139139445e+01,3.275936985970391829e-03
9.149149149149150162e+01,3.291808581036200724e-03
9.159159159159159458e+01,3.171182254284861651e-03
9.169169169169170175e+01,3.210640854602860115e-03
9.179179179179179471e+01,3.167487110871106213e-03
9.189189189189190188e+01,3.116609512879571931e-03
9.199199199199199484e+01,3.151245893203002447e-03
9.209209209209210201e+01,3.218510682937342909e-03
9.219219219219219497e+01,3.264492997236030647e-03
9.229229229229230214e+01,3.243349825022129145e-03
9.239239239239239510e+01,3.281461754015730335e-03
9.249249249249250227e+01,3.172751202143669989e-03
9.259259259259259522e+01,3.273573703786025659e-03
9.269269269269270239e+01,3.162573049666969876e-03
9.279279279279279535e+01,3.239828697422543480e-03
9.289289289289290252e+01,3.248766065187018263e-03
9.299299299299299548e+01,3.207565837900910443e-03
9.309309309309310265e+01,3.216666579219667425e-03
9.319319319319319561e+01,3.167012923485379612e-03
9.329329329329330278e+01,3.253000794273700012e-03
9.339339339339339574e+01,3.179783716151382816e-03
9.349349349349350291e+01,3.237541231806943896e-03
9.359359359359359587e+01,3.156318876360004935e-03
9.369369369369370304e+01,3.237976452620257729e-03
9.379379379379379600e+01,3.282394257807034945e-03
9.389389389389390317e+01,3.309584690762844023e-03
9.399399399399399613e+01,3.182887497015788898e-03
9.409409409409410330e+01,3.177742954804082046e-03
9.419419419419419626e+01,3.159889788495609877e-03
9.429429429429430343e+01,3.281833767122133670e-03
9.439439439439439639e+01,3.212305180588760460e-03
9.449449449449450356e+01,3.246229908830478971e-03
9.459459459459459651e+01,3.230146375878600960e-03
9.469469469469470368e+01,3.251089390184025690e-03
9.479479479479479664e+01,3.282033472849228261e-03
9.489489489489490381e+01,3.220599142076860464e-03
9.499499499499499677e+01,3.240348070180651321e-03
9.509509509509510394e+01,3.257897446743909711e-03
9.519519519519519690e+01,3.113512036937465810e-03
9.529529529529530407e+01,3.253679645464105114e-03
9.539539539539539703e+01,3.229345580176752346e-03
9.549549549549550420e+01,3.257028634234635650e-03
9.559559559559559716e+01,3.188786071794775731e-03
9.569569569569570433e+01,3.236992281877673714e-03
9.579579579579579729e+01,3.222815279891109389e-03
9.589589589589590446e+01,3.145985628164749831e-03
9.599599599599599742e+01,3.181452135679270748e-03
9.609609609609610459e+01,3.345571424244667049e-03
9.619619619619619755e+01,3.203223211260872345e-03
9.629629629629630472e+01,3.214906338218700456e-03
9.639639639639639768e+01,3.217499827329405471e-03
9.649649649649650485e+01,3.255842713786876071e-03
9.659659659659659781e+01,3.255668362182110014e-03
9.669669669669670498e+01,3.259352874735779119e-03
9.679679679679679793e+01,3.305517489755301422e-03
9.689689689689690510e+01,3.222313308163798386e-03
9.699699699699699806e+01,3.216054147566372624e-03
9.709709709709710523e+01,3.193333857375993141e-03
9.719719719719719819e+01,3.184743925625463726e-03
9.729729729729730536e+01,3.192692103244738726e-03
9.739739739739739832e+01,3.161165994640592614e-03
9.749749749749750549e+01,3.194997379099558804e-03
9.759759759759759845e+01,3.287991369836189108e-03
9.769769769769770562e+01,3.216390279333865461e-03
9.779779779779779858e+01,3.194789402651032270e-03
9.789789789789790575e+01,3.172179410423360459e-03
9.799799799799799871e+01,3.222632914422240199e-03
9.809809809809810588e+01,3.280708825251367911e-03
9.819819819819819884e+01,3.215636334495577085e-03
9.829829829829830601e+01,3.274769899909867835e-03
9.839839839839839897e+01,3.231671332549149005e-03
9.849849849849850614e+01,3.261536386055133817e-03
9.859859859859859910e+01,3.226249273674943428e-03
9.869869869869870627e+01,3.235855174345871228e-03
9.879879879879879923e+01,3.255644347344226110e-03
9.889889889889890640e+01,3.232666292415802001e-03
9.899899899899899935e+01,3.169350346542721200e-03
9.909909909909910652e+01,3.245033623237240494e-03
9.919919919919919948e+01,3.250209818423743270e-03
9.929929929929930665e+01,3.139025906214498989e-03
9.939939939939939961e+01,3.220694345238458121e-03
9.949949949949950678e+01,3.210262280402994845e-03
9.959959959959959974e+01,3.206446910742746792e-03
9.969969969969970691e+01,3.166226391616564113e-03
9.979979979979979987e+01,3.207316336834729800e-03
9.989989989989990704e+01,3.225071207651787619e-03
1.000000000000000000e+02,3.229526822851085804e-03
